file,species,score
SiteA_20250415_063005.wav,Phylloscopus trochilus,0.47
SiteA_20250415_090700.wav,Erithacus rubecula,0.95
SiteA_20250415_094745.wav,Erithacus rubecula,0.14
SiteA_20250415_053025.wav,Erithacus rubecula,0.58
SiteA_20250415_051918.wav,Erithacus rubecula,0.9
SiteA_20250415_090409.wav,Erithacus rubecula,0.6
SiteA_20250415_064314.wav,Erithacus rubecula,0.51
SiteA_20250415_090542.wav,Fringilla coelebs,0.51
SiteA_20250416_063613.wav,Turdus philomelos,0.62
SiteA_20250416_080346.wav,Erithacus rubecula,0.32
SiteA_20250416_041529.wav,Erithacus rubecula,0.14
SiteA_20250416_092050.wav,Erithacus rubecula,0.4
SiteA_20250416_045412.wav,Erithacus rubecula,0.96
SiteA_20250416_074742.wav,Erithacus rubecula,0.9
SiteA_20250416_065451.wav,Erithacus rubecula,0.72
SiteA_20250416_052538.wav,Erithacus rubecula,0.68
SiteA_20250416_075740.wav,Fringilla coelebs,0.69
SiteA_20250416_082530.wav,Fringilla coelebs,0.74
SiteA_20250417_053353.wav,Turdus philomelos,0.63
SiteA_20250417_051414.wav,Erithacus rubecula,0.97
SiteA_20250417_061334.wav,Erithacus rubecula,0.91
SiteA_20250417_054953.wav,Erithacus rubecula,0.72
SiteA_20250417_061135.wav,Fringilla coelebs,0.12
SiteA_20250418_091513.wav,Turdus philomelos,0.78
SiteA_20250418_095930.wav,Erithacus rubecula,0.31
SiteA_20250418_075711.wav,Erithacus rubecula,0.23
SiteA_20250418_074319.wav,Erithacus rubecula,0.47
SiteA_20250418_042817.wav,Erithacus rubecula,0.47
SiteA_20250418_071752.wav,Erithacus rubecula,0.43
SiteA_20250419_081212.wav,Erithacus rubecula,0.34
SiteA_20250419_071531.wav,Erithacus rubecula,0.87
SiteA_20250419_055910.wav,Erithacus rubecula,0.14
SiteA_20250419_094643.wav,Erithacus rubecula,0.5
SiteA_20250419_062041.wav,Erithacus rubecula,0.82
SiteA_20250419_094711.wav,Erithacus rubecula,0.21
SiteA_20250420_070011.wav,Erithacus rubecula,0.91
SiteA_20250420_073719.wav,Erithacus rubecula,0.44
SiteA_20250420_071344.wav,Erithacus rubecula,0.7
SiteA_20250420_055307.wav,Erithacus rubecula,0.19
SiteA_20250420_055752.wav,Erithacus rubecula,0.45
SiteA_20250420_092927.wav,Erithacus rubecula,0.35
SiteA_20250420_053114.wav,Erithacus rubecula,0.83
SiteA_20250420_052303.wav,Erithacus rubecula,0.5
SiteA_20250420_064305.wav,Erithacus rubecula,0.83
SiteA_20250420_044215.wav,Fringilla coelebs,0.81
SiteA_20250421_080653.wav,Turdus philomelos,0.78
SiteA_20250421_080150.wav,Erithacus rubecula,0.1
SiteA_20250421_040415.wav,Erithacus rubecula,0.53
SiteA_20250421_084844.wav,Erithacus rubecula,0.3
SiteA_20250421_044858.wav,Erithacus rubecula,0.44
SiteA_20250421_042702.wav,Erithacus rubecula,0.65
SiteA_20250421_084916.wav,Erithacus rubecula,0.42
SiteA_20250421_091800.wav,Erithacus rubecula,0.2
SiteA_20250421_075346.wav,Erithacus rubecula,0.32
SiteA_20250421_091338.wav,Erithacus rubecula,0.7
SiteA_20250422_093339.wav,Turdus philomelos,0.19
SiteA_20250422_054116.wav,Turdus philomelos,0.49
SiteA_20250422_072520.wav,Turdus philomelos,0.99
SiteA_20250422_040837.wav,Phylloscopus trochilus,0.9
SiteA_20250422_062916.wav,Erithacus rubecula,0.22
SiteA_20250422_062650.wav,Erithacus rubecula,0.69
SiteA_20250422_061542.wav,Erithacus rubecula,0.41
SiteA_20250422_050057.wav,Erithacus rubecula,0.69
SiteA_20250422_075916.wav,Erithacus rubecula,0.39
SiteA_20250423_061213.wav,Turdus philomelos,0.18
SiteA_20250423_093849.wav,Turdus philomelos,0.52
SiteA_20250423_040053.wav,Turdus philomelos,0.56
SiteA_20250423_081159.wav,Erithacus rubecula,0.54
SiteA_20250423_091625.wav,Erithacus rubecula,0.96
SiteA_20250423_092330.wav,Erithacus rubecula,0.53
SiteA_20250423_053820.wav,Erithacus rubecula,0.9
SiteA_20250423_085549.wav,Erithacus rubecula,0.92
SiteA_20250423_083504.wav,Erithacus rubecula,0.65
SiteA_20250423_065005.wav,Erithacus rubecula,0.47
SiteA_20250424_080250.wav,Turdus philomelos,0.37
SiteA_20250424_075410.wav,Turdus philomelos,0.15
SiteA_20250424_082343.wav,Turdus philomelos,0.95
SiteA_20250424_065710.wav,Turdus philomelos,0.75
SiteA_20250424_093841.wav,Turdus philomelos,0.23
SiteA_20250424_080618.wav,Erithacus rubecula,0.63
SiteA_20250424_074018.wav,Erithacus rubecula,0.46
SiteA_20250424_050713.wav,Erithacus rubecula,0.68
SiteA_20250424_091702.wav,Erithacus rubecula,0.39
SiteA_20250424_045816.wav,Erithacus rubecula,0.38
SiteA_20250424_095236.wav,Erithacus rubecula,0.3
SiteA_20250424_080554.wav,Erithacus rubecula,0.43
SiteA_20250424_082510.wav,Erithacus rubecula,0.99
SiteA_20250424_063046.wav,Erithacus rubecula,0.24
SiteA_20250424_070048.wav,Erithacus rubecula,0.18
SiteA_20250424_041255.wav,Erithacus rubecula,0.23
SiteA_20250424_050500.wav,Erithacus rubecula,0.72
SiteA_20250424_090911.wav,Erithacus rubecula,0.66
SiteA_20250424_064445.wav,Fringilla coelebs,0.71
SiteA_20250425_053514.wav,Turdus philomelos,0.57
SiteA_20250425_065216.wav,Turdus philomelos,0.69
SiteA_20250425_073506.wav,Turdus philomelos,0.84
SiteA_20250425_052727.wav,Turdus philomelos,0.81
SiteA_20250425_065924.wav,Phylloscopus trochilus,0.5
SiteA_20250425_071907.wav,Phylloscopus trochilus,0.38
SiteA_20250425_054641.wav,Erithacus rubecula,0.11
SiteA_20250425_072610.wav,Erithacus rubecula,0.27
SiteA_20250425_092349.wav,Erithacus rubecula,0.86
SiteA_20250425_052559.wav,Erithacus rubecula,0.31
SiteA_20250425_080029.wav,Erithacus rubecula,0.32
SiteA_20250425_040403.wav,Erithacus rubecula,0.17
SiteA_20250425_061633.wav,Erithacus rubecula,0.32
SiteA_20250426_065624.wav,Turdus philomelos,0.55
SiteA_20250426_075807.wav,Turdus philomelos,0.45
SiteA_20250426_083323.wav,Turdus philomelos,0.32
SiteA_20250426_070506.wav,Turdus philomelos,0.2
SiteA_20250426_051932.wav,Turdus philomelos,0.45
SiteA_20250426_073634.wav,Erithacus rubecula,0.5
SiteA_20250426_091607.wav,Erithacus rubecula,0.3
SiteA_20250426_071702.wav,Erithacus rubecula,0.55
SiteA_20250426_055521.wav,Erithacus rubecula,0.42
SiteA_20250426_085030.wav,Erithacus rubecula,0.68
SiteA_20250426_051254.wav,Erithacus rubecula,0.44
SiteA_20250427_075613.wav,Turdus philomelos,0.77
SiteA_20250427_092813.wav,Turdus philomelos,0.3
SiteA_20250427_084538.wav,Turdus philomelos,0.47
SiteA_20250427_053551.wav,Turdus philomelos,0.34
SiteA_20250427_062251.wav,Erithacus rubecula,0.88
SiteA_20250427_040128.wav,Erithacus rubecula,0.77
SiteA_20250427_052503.wav,Erithacus rubecula,0.7
SiteA_20250427_054232.wav,Erithacus rubecula,0.66
SiteA_20250427_081136.wav,Erithacus rubecula,0.44
SiteA_20250428_040513.wav,Turdus philomelos,0.62
SiteA_20250428_050055.wav,Turdus philomelos,0.86
SiteA_20250428_063600.wav,Turdus philomelos,0.38
SiteA_20250428_072834.wav,Turdus philomelos,0.74
SiteA_20250428_054528.wav,Turdus philomelos,0.34
SiteA_20250428_053920.wav,Turdus philomelos,0.63
SiteA_20250428_042149.wav,Erithacus rubecula,0.61
SiteA_20250428_044820.wav,Erithacus rubecula,0.92
SiteA_20250428_064823.wav,Erithacus rubecula,0.91
SiteA_20250428_073659.wav,Erithacus rubecula,0.35
SiteA_20250428_073517.wav,Erithacus rubecula,0.39
SiteA_20250428_093936.wav,Fringilla coelebs,0.66
SiteA_20250428_071407.wav,Fringilla coelebs,0.94
SiteA_20250429_043628.wav,Turdus philomelos,0.47
SiteA_20250429_073538.wav,Turdus philomelos,0.69
SiteA_20250429_041810.wav,Turdus philomelos,0.24
SiteA_20250429_044501.wav,Turdus philomelos,0.62
SiteA_20250429_090036.wav,Erithacus rubecula,0.64
SiteA_20250429_095013.wav,Erithacus rubecula,0.56
SiteA_20250429_062413.wav,Erithacus rubecula,0.46
SiteA_20250429_051411.wav,Erithacus rubecula,0.89
SiteA_20250429_045403.wav,Erithacus rubecula,0.43
SiteA_20250429_044907.wav,Erithacus rubecula,0.36
SiteA_20250429_055328.wav,Erithacus rubecula,0.25
SiteA_20250429_081547.wav,Erithacus rubecula,0.25
SiteA_20250429_044538.wav,Erithacus rubecula,0.53
SiteA_20250429_084959.wav,Erithacus rubecula,0.33
SiteA_20250429_081618.wav,Erithacus rubecula,0.29
SiteA_20250430_084025.wav,Turdus philomelos,0.73
SiteA_20250430_082811.wav,Turdus philomelos,0.42
SiteA_20250430_061415.wav,Erithacus rubecula,0.93
SiteA_20250430_042605.wav,Erithacus rubecula,0.35
SiteA_20250430_051052.wav,Erithacus rubecula,0.96
SiteA_20250430_062232.wav,Erithacus rubecula,0.76
SiteA_20250430_075604.wav,Erithacus rubecula,0.72
SiteA_20250430_091523.wav,Erithacus rubecula,0.15
SiteA_20250430_075409.wav,Erithacus rubecula,0.46
SiteA_20250430_055323.wav,Erithacus rubecula,0.53
SiteA_20250501_041034.wav,Turdus philomelos,0.92
SiteA_20250501_051218.wav,Turdus philomelos,0.66
SiteA_20250501_041936.wav,Turdus philomelos,0.49
SiteA_20250501_041844.wav,Turdus philomelos,0.59
SiteA_20250501_062606.wav,Turdus philomelos,0.15
SiteA_20250501_072327.wav,Turdus philomelos,0.33
SiteA_20250501_093906.wav,Turdus philomelos,0.46
SiteA_20250501_091341.wav,Erithacus rubecula,0.24
SiteA_20250501_043213.wav,Erithacus rubecula,0.82
SiteA_20250501_043252.wav,Erithacus rubecula,0.59
SiteA_20250501_065951.wav,Erithacus rubecula,0.7
SiteA_20250501_064048.wav,Erithacus rubecula,0.25
SiteA_20250501_041649.wav,Erithacus rubecula,0.67
SiteA_20250501_050946.wav,Erithacus rubecula,0.38
SiteA_20250502_072354.wav,Turdus philomelos,0.97
SiteA_20250502_084632.wav,Turdus philomelos,0.97
SiteA_20250502_093750.wav,Turdus philomelos,0.75
SiteA_20250502_074519.wav,Turdus philomelos,0.33
SiteA_20250502_082400.wav,Turdus philomelos,0.3
SiteA_20250502_075457.wav,Phylloscopus trochilus,0.34
SiteA_20250502_095936.wav,Erithacus rubecula,0.81
SiteA_20250502_051056.wav,Erithacus rubecula,0.25
SiteA_20250502_083907.wav,Erithacus rubecula,0.46
SiteA_20250502_051715.wav,Erithacus rubecula,0.52
SiteA_20250502_091518.wav,Fringilla coelebs,0.93
SiteA_20250503_093031.wav,Turdus philomelos,0.71
SiteA_20250503_040825.wav,Turdus philomelos,0.96
SiteA_20250503_090527.wav,Turdus philomelos,0.56
SiteA_20250503_081504.wav,Turdus philomelos,0.62
SiteA_20250503_065519.wav,Turdus philomelos,0.4
SiteA_20250503_065450.wav,Turdus philomelos,0.41
SiteA_20250503_054017.wav,Turdus philomelos,0.12
SiteA_20250503_095533.wav,Turdus philomelos,0.55
SiteA_20250503_073533.wav,Turdus philomelos,0.88
SiteA_20250503_074323.wav,Turdus philomelos,0.11
SiteA_20250503_071017.wav,Erithacus rubecula,0.79
SiteA_20250503_040126.wav,Erithacus rubecula,0.76
SiteA_20250503_055946.wav,Fringilla coelebs,0.52
SiteA_20250504_073630.wav,Turdus philomelos,0.68
SiteA_20250504_052842.wav,Turdus philomelos,0.78
SiteA_20250504_052736.wav,Turdus philomelos,0.22
SiteA_20250504_080843.wav,Erithacus rubecula,0.15
SiteA_20250504_060602.wav,Erithacus rubecula,0.46
SiteA_20250505_052728.wav,Turdus philomelos,0.15
SiteA_20250505_074952.wav,Turdus philomelos,0.7
SiteA_20250505_070806.wav,Turdus philomelos,0.37
SiteA_20250505_081221.wav,Turdus philomelos,0.19
SiteA_20250505_080018.wav,Turdus philomelos,0.16
SiteA_20250505_093324.wav,Phylloscopus trochilus,0.78
SiteA_20250505_055039.wav,Phylloscopus trochilus,0.83
SiteA_20250505_045750.wav,Erithacus rubecula,0.19
SiteA_20250505_080656.wav,Erithacus rubecula,0.19
SiteA_20250505_064916.wav,Erithacus rubecula,0.82
SiteA_20250505_080350.wav,Erithacus rubecula,0.81
SiteA_20250505_090906.wav,Erithacus rubecula,0.11
SiteA_20250505_064055.wav,Erithacus rubecula,0.8
SiteA_20250506_050224.wav,Turdus philomelos,0.53
SiteA_20250506_065546.wav,Turdus philomelos,0.24
SiteA_20250506_043825.wav,Turdus philomelos,0.11
SiteA_20250506_072414.wav,Turdus philomelos,0.51
SiteA_20250506_055350.wav,Turdus philomelos,0.54
SiteA_20250506_061745.wav,Turdus philomelos,0.45
SiteA_20250506_072912.wav,Turdus philomelos,0.52
SiteA_20250506_090603.wav,Turdus philomelos,0.74
SiteA_20250506_094517.wav,Turdus philomelos,0.15
SiteA_20250506_050525.wav,Phylloscopus trochilus,0.82
SiteA_20250506_075058.wav,Erithacus rubecula,0.31
SiteA_20250506_044500.wav,Erithacus rubecula,0.42
SiteA_20250506_081537.wav,Erithacus rubecula,0.87
SiteA_20250506_090109.wav,Fringilla coelebs,0.37
SiteA_20250507_055351.wav,Turdus philomelos,0.73
SiteA_20250507_092633.wav,Turdus philomelos,0.19
SiteA_20250507_074240.wav,Turdus philomelos,0.13
SiteA_20250507_054338.wav,Turdus philomelos,1
SiteA_20250507_054824.wav,Turdus philomelos,0.13
SiteA_20250507_044425.wav,Phylloscopus trochilus,0.92
SiteA_20250507_040426.wav,Erithacus rubecula,0.36
SiteA_20250507_060657.wav,Erithacus rubecula,0.76
SiteA_20250507_072637.wav,Fringilla coelebs,0.38
SiteA_20250508_064748.wav,Turdus philomelos,0.73
SiteA_20250508_052408.wav,Turdus philomelos,0.68
SiteA_20250508_091949.wav,Turdus philomelos,0.68
SiteA_20250508_074152.wav,Turdus philomelos,0.98
SiteA_20250508_061352.wav,Turdus philomelos,0.47
SiteA_20250508_040027.wav,Turdus philomelos,0.21
SiteA_20250508_060729.wav,Turdus philomelos,0.57
SiteA_20250508_093731.wav,Turdus philomelos,0.3
SiteA_20250508_074036.wav,Phylloscopus trochilus,0.43
SiteA_20250508_040014.wav,Erithacus rubecula,0.45
SiteA_20250508_060752.wav,Erithacus rubecula,0.31
SiteA_20250508_051807.wav,Erithacus rubecula,0.66
SiteA_20250508_054554.wav,Erithacus rubecula,0.22
SiteA_20250508_074120.wav,Fringilla coelebs,0.56
SiteA_20250508_081112.wav,Fringilla coelebs,0.25
SiteA_20250509_083631.wav,Turdus philomelos,0.99
SiteA_20250509_090914.wav,Turdus philomelos,0.7
SiteA_20250509_081358.wav,Turdus philomelos,0.48
SiteA_20250509_083103.wav,Turdus philomelos,0.39
SiteA_20250509_074832.wav,Turdus philomelos,0.85
SiteA_20250509_071104.wav,Turdus philomelos,0.23
SiteA_20250509_084839.wav,Turdus philomelos,0.27
SiteA_20250509_073151.wav,Turdus philomelos,0.91
SiteA_20250509_043637.wav,Turdus philomelos,0.38
SiteA_20250509_040957.wav,Phylloscopus trochilus,0.81
SiteA_20250510_054150.wav,Turdus philomelos,0.53
SiteA_20250510_075417.wav,Turdus philomelos,0.48
SiteA_20250510_090814.wav,Turdus philomelos,0.41
SiteA_20250510_055138.wav,Turdus philomelos,0.88
SiteA_20250510_074219.wav,Turdus philomelos,0.51
SiteA_20250510_092914.wav,Turdus philomelos,0.58
SiteA_20250510_084625.wav,Turdus philomelos,0.97
SiteA_20250510_081800.wav,Phylloscopus trochilus,0.29
SiteA_20250510_063505.wav,Phylloscopus trochilus,0.38
SiteA_20250510_053121.wav,Phylloscopus trochilus,0.97
SiteA_20250510_054851.wav,Erithacus rubecula,0.78
SiteA_20250511_082209.wav,Turdus philomelos,0.58
SiteA_20250511_040718.wav,Turdus philomelos,0.92
SiteA_20250511_050845.wav,Turdus philomelos,0.27
SiteA_20250511_055411.wav,Turdus philomelos,0.35
SiteA_20250511_061848.wav,Turdus philomelos,0.19
SiteA_20250511_045822.wav,Turdus philomelos,0.29
SiteA_20250511_090625.wav,Turdus philomelos,0.98
SiteA_20250511_085221.wav,Turdus philomelos,0.37
SiteA_20250511_052019.wav,Turdus philomelos,0.75
SiteA_20250511_081951.wav,Turdus philomelos,0.81
SiteA_20250511_051920.wav,Phylloscopus trochilus,0.32
SiteA_20250512_093759.wav,Turdus philomelos,0.99
SiteA_20250512_075718.wav,Turdus philomelos,0.99
SiteA_20250512_064914.wav,Turdus philomelos,0.22
SiteA_20250512_080750.wav,Turdus philomelos,0.91
SiteA_20250512_074323.wav,Turdus philomelos,0.62
SiteA_20250512_050930.wav,Phylloscopus trochilus,0.5
SiteA_20250512_043703.wav,Phylloscopus trochilus,0.74
SiteA_20250513_092956.wav,Turdus philomelos,0.39
SiteA_20250513_092027.wav,Turdus philomelos,0.85
SiteA_20250513_092715.wav,Turdus philomelos,0.29
SiteA_20250513_062612.wav,Turdus philomelos,0.55
SiteA_20250513_073748.wav,Turdus philomelos,0.35
SiteA_20250513_054443.wav,Turdus philomelos,0.27
SiteA_20250513_062015.wav,Turdus philomelos,0.96
SiteA_20250513_080758.wav,Turdus philomelos,0.39
SiteA_20250513_041651.wav,Turdus philomelos,0.53
SiteA_20250514_072541.wav,Turdus philomelos,0.39
SiteA_20250514_053917.wav,Turdus philomelos,0.9
SiteA_20250514_092650.wav,Turdus philomelos,0.66
SiteA_20250514_064329.wav,Turdus philomelos,0.37
SiteA_20250514_051141.wav,Turdus philomelos,0.45
SiteA_20250514_055521.wav,Turdus philomelos,0.24
SiteA_20250514_045947.wav,Turdus philomelos,0.88
SiteA_20250514_051506.wav,Turdus philomelos,0.96
SiteA_20250514_091558.wav,Phylloscopus trochilus,0.4
SiteA_20250514_082958.wav,Phylloscopus trochilus,1
SiteA_20250514_095419.wav,Phylloscopus trochilus,0.31
SiteA_20250514_093210.wav,Phylloscopus trochilus,0.65
SiteA_20250515_065454.wav,Turdus philomelos,0.25
SiteA_20250515_084550.wav,Turdus philomelos,0.35
SiteA_20250515_044746.wav,Turdus philomelos,0.63
SiteA_20250515_044131.wav,Phylloscopus trochilus,0.25
SiteA_20250515_054647.wav,Phylloscopus trochilus,0.88
SiteA_20250515_092338.wav,Phylloscopus trochilus,0.74
SiteA_20250515_095828.wav,Phylloscopus trochilus,0.78
SiteA_20250515_090641.wav,Phylloscopus trochilus,0.23
SiteA_20250515_083401.wav,Fringilla coelebs,0.57
SiteA_20250516_070359.wav,Turdus philomelos,0.32
SiteA_20250516_054628.wav,Turdus philomelos,0.15
SiteA_20250516_071228.wav,Turdus philomelos,0.31
SiteA_20250516_071345.wav,Turdus philomelos,0.9
SiteA_20250516_073032.wav,Turdus philomelos,0.83
SiteA_20250516_041844.wav,Phylloscopus trochilus,0.24
SiteA_20250516_064502.wav,Phylloscopus trochilus,0.21
SiteA_20250516_050015.wav,Phylloscopus trochilus,0.98
SiteA_20250516_073008.wav,Phylloscopus trochilus,0.49
SiteA_20250516_040528.wav,Phylloscopus trochilus,0.52
SiteA_20250516_064818.wav,Fringilla coelebs,0.34
SiteA_20250517_052350.wav,Turdus philomelos,0.72
SiteA_20250517_093456.wav,Turdus philomelos,0.35
SiteA_20250517_083457.wav,Turdus philomelos,0.83
SiteA_20250517_050051.wav,Turdus philomelos,0.18
SiteA_20250517_054807.wav,Phylloscopus trochilus,0.48
SiteA_20250517_081735.wav,Phylloscopus trochilus,0.78
SiteA_20250517_070848.wav,Phylloscopus trochilus,0.7
SiteA_20250517_081331.wav,Phylloscopus trochilus,0.5
SiteA_20250517_061418.wav,Phylloscopus trochilus,0.66
SiteA_20250517_074754.wav,Phylloscopus trochilus,0.1
SiteA_20250517_081206.wav,Phylloscopus trochilus,0.3
SiteA_20250518_062430.wav,Turdus philomelos,0.38
SiteA_20250518_063021.wav,Turdus philomelos,0.72
SiteA_20250518_051632.wav,Turdus philomelos,0.94
SiteA_20250518_072959.wav,Turdus philomelos,0.2
SiteA_20250518_054043.wav,Turdus philomelos,0.21
SiteA_20250518_074030.wav,Turdus philomelos,0.71
SiteA_20250518_043922.wav,Turdus philomelos,0.49
SiteA_20250518_063926.wav,Phylloscopus trochilus,0.97
SiteA_20250518_054747.wav,Phylloscopus trochilus,0.16
SiteA_20250518_063018.wav,Phylloscopus trochilus,0.51
SiteA_20250518_071847.wav,Phylloscopus trochilus,0.73
SiteA_20250518_074339.wav,Phylloscopus trochilus,0.18
SiteA_20250518_051759.wav,Phylloscopus trochilus,0.99
SiteA_20250518_093111.wav,Phylloscopus trochilus,0.33
SiteA_20250518_094953.wav,Fringilla coelebs,0.81
SiteA_20250519_084901.wav,Turdus philomelos,0.43
SiteA_20250519_055310.wav,Turdus philomelos,0.36
SiteA_20250519_074608.wav,Turdus philomelos,0.17
SiteA_20250519_085632.wav,Turdus philomelos,0.43
SiteA_20250519_091136.wav,Phylloscopus trochilus,0.58
SiteA_20250519_061057.wav,Phylloscopus trochilus,0.55
SiteA_20250519_050036.wav,Phylloscopus trochilus,0.95
SiteA_20250519_083946.wav,Fringilla coelebs,0.17
SiteA_20250520_085709.wav,Turdus philomelos,0.46
SiteA_20250520_061752.wav,Turdus philomelos,0.76
SiteA_20250520_043433.wav,Turdus philomelos,0.25
SiteA_20250520_081630.wav,Turdus philomelos,0.51
SiteA_20250520_073805.wav,Turdus philomelos,0.79
SiteA_20250520_091425.wav,Turdus philomelos,0.16
SiteA_20250520_062053.wav,Phylloscopus trochilus,0.37
SiteA_20250520_062511.wav,Phylloscopus trochilus,0.43
SiteA_20250520_084409.wav,Phylloscopus trochilus,0.38
SiteA_20250520_052035.wav,Phylloscopus trochilus,0.13
SiteA_20250520_093844.wav,Phylloscopus trochilus,0.57
SiteA_20250520_040823.wav,Phylloscopus trochilus,0.71
SiteA_20250520_095250.wav,Phylloscopus trochilus,0.91
SiteA_20250520_084945.wav,Phylloscopus trochilus,0.12
SiteA_20250520_062419.wav,Erithacus rubecula,0.37
SiteA_20250520_082313.wav,Erithacus rubecula,0.95
SiteA_20250520_065732.wav,Fringilla coelebs,0.5
SiteA_20250521_064222.wav,Turdus philomelos,0.14
SiteA_20250521_052904.wav,Turdus philomelos,0.77
SiteA_20250521_091520.wav,Turdus philomelos,0.41
SiteA_20250521_072505.wav,Turdus philomelos,0.85
SiteA_20250521_090058.wav,Turdus philomelos,0.58
SiteA_20250521_042522.wav,Phylloscopus trochilus,0.82
SiteA_20250521_094210.wav,Phylloscopus trochilus,0.18
SiteA_20250521_050323.wav,Phylloscopus trochilus,0.85
SiteA_20250521_074349.wav,Phylloscopus trochilus,0.35
SiteA_20250521_073825.wav,Phylloscopus trochilus,0.78
SiteA_20250521_052914.wav,Erithacus rubecula,0.17
SiteA_20250521_064331.wav,Fringilla coelebs,0.82
SiteA_20250521_073706.wav,Fringilla coelebs,0.45
SiteA_20250522_085100.wav,Turdus philomelos,0.28
SiteA_20250522_060347.wav,Turdus philomelos,0.61
SiteA_20250522_090047.wav,Phylloscopus trochilus,0.58
SiteA_20250522_090529.wav,Phylloscopus trochilus,0.63
SiteA_20250522_092057.wav,Phylloscopus trochilus,0.7
SiteA_20250522_090011.wav,Phylloscopus trochilus,0.58
SiteA_20250522_095503.wav,Phylloscopus trochilus,0.56
SiteA_20250522_072346.wav,Phylloscopus trochilus,0.11
SiteA_20250522_073606.wav,Phylloscopus trochilus,0.14
SiteA_20250522_083255.wav,Phylloscopus trochilus,0.94
SiteA_20250522_061247.wav,Phylloscopus trochilus,0.79
SiteA_20250522_083558.wav,Phylloscopus trochilus,0.28
SiteA_20250522_083821.wav,Fringilla coelebs,0.46
SiteA_20250523_055118.wav,Turdus philomelos,0.59
SiteA_20250523_051338.wav,Turdus philomelos,0.9
SiteA_20250523_073917.wav,Turdus philomelos,0.6
SiteA_20250523_062554.wav,Turdus philomelos,0.92
SiteA_20250523_091325.wav,Phylloscopus trochilus,0.48
SiteA_20250523_040924.wav,Phylloscopus trochilus,0.95
SiteA_20250523_053909.wav,Phylloscopus trochilus,0.74
SiteA_20250523_060341.wav,Phylloscopus trochilus,0.47
SiteA_20250523_081825.wav,Phylloscopus trochilus,0.12
SiteA_20250523_050130.wav,Phylloscopus trochilus,0.61
SiteA_20250523_095402.wav,Phylloscopus trochilus,0.54
SiteA_20250523_040816.wav,Phylloscopus trochilus,0.89
SiteA_20250523_080031.wav,Erithacus rubecula,0.87
SiteA_20250523_094829.wav,Fringilla coelebs,0.89
SiteA_20250524_061113.wav,Turdus philomelos,0.35
SiteA_20250524_084718.wav,Phylloscopus trochilus,0.98
SiteA_20250524_051847.wav,Phylloscopus trochilus,0.62
SiteA_20250524_054044.wav,Phylloscopus trochilus,0.57
SiteA_20250524_075656.wav,Phylloscopus trochilus,0.15
SiteA_20250524_080755.wav,Phylloscopus trochilus,0.97
SiteA_20250524_041509.wav,Phylloscopus trochilus,0.21
SiteA_20250524_081508.wav,Phylloscopus trochilus,0.18
SiteA_20250524_064722.wav,Phylloscopus trochilus,0.89
SiteA_20250524_044257.wav,Fringilla coelebs,0.9
SiteA_20250525_072216.wav,Phylloscopus trochilus,0.72
SiteA_20250525_041932.wav,Phylloscopus trochilus,0.3
SiteA_20250525_043616.wav,Phylloscopus trochilus,0.39
SiteA_20250525_093522.wav,Phylloscopus trochilus,0.26
SiteA_20250525_054103.wav,Phylloscopus trochilus,0.82
SiteA_20250525_092824.wav,Phylloscopus trochilus,0.23
SiteA_20250525_064622.wav,Erithacus rubecula,0.4
SiteA_20250525_060201.wav,Fringilla coelebs,0.67
SiteA_20250526_070532.wav,Phylloscopus trochilus,0.99
SiteA_20250526_091952.wav,Phylloscopus trochilus,0.63
SiteA_20250526_063115.wav,Phylloscopus trochilus,0.8
SiteA_20250526_071053.wav,Erithacus rubecula,0.78
SiteA_20250526_040955.wav,Fringilla coelebs,0.14
SiteA_20250526_065632.wav,Fringilla coelebs,0.91
SiteA_20250526_080520.wav,Fringilla coelebs,0.88
SiteA_20250526_064323.wav,Fringilla coelebs,0.8
SiteA_20250526_055938.wav,Fringilla coelebs,0.44
SiteA_20250527_051841.wav,Phylloscopus trochilus,0.35
SiteA_20250527_054529.wav,Phylloscopus trochilus,0.87
SiteA_20250527_083120.wav,Phylloscopus trochilus,0.43
SiteA_20250527_081347.wav,Phylloscopus trochilus,0.37
SiteA_20250527_041339.wav,Phylloscopus trochilus,0.78
SiteA_20250527_065817.wav,Phylloscopus trochilus,0.86
SiteA_20250527_091829.wav,Phylloscopus trochilus,0.51
SiteA_20250528_092420.wav,Phylloscopus trochilus,0.78
SiteA_20250528_081416.wav,Phylloscopus trochilus,0.84
SiteA_20250528_055137.wav,Phylloscopus trochilus,0.48
SiteA_20250528_064751.wav,Phylloscopus trochilus,0.63
SiteA_20250528_045234.wav,Phylloscopus trochilus,0.82
SiteA_20250528_074059.wav,Phylloscopus trochilus,0.9
SiteA_20250528_094206.wav,Phylloscopus trochilus,0.45
SiteA_20250528_085555.wav,Phylloscopus trochilus,0.18
SiteA_20250528_075520.wav,Phylloscopus trochilus,0.66
SiteA_20250528_042407.wav,Phylloscopus trochilus,0.77
SiteA_20250528_043628.wav,Phylloscopus trochilus,0.18
SiteA_20250528_055948.wav,Phylloscopus trochilus,0.37
SiteA_20250528_050636.wav,Phylloscopus trochilus,0.65
SiteA_20250528_072007.wav,Fringilla coelebs,0.53
SiteA_20250528_061727.wav,Fringilla coelebs,0.61
SiteA_20250528_082506.wav,Fringilla coelebs,0.76
SiteA_20250528_053420.wav,Fringilla coelebs,0.87
SiteA_20250528_073322.wav,Fringilla coelebs,0.92
SiteA_20250529_075723.wav,Phylloscopus trochilus,0.42
SiteA_20250529_065609.wav,Phylloscopus trochilus,0.86
SiteA_20250529_053850.wav,Phylloscopus trochilus,0.83
SiteA_20250529_072242.wav,Phylloscopus trochilus,0.21
SiteA_20250529_090747.wav,Phylloscopus trochilus,0.74
SiteA_20250529_091028.wav,Phylloscopus trochilus,0.31
SiteA_20250529_060923.wav,Phylloscopus trochilus,0.17
SiteA_20250529_084133.wav,Phylloscopus trochilus,0.94
SiteA_20250529_060303.wav,Fringilla coelebs,0.26
SiteA_20250529_085206.wav,Fringilla coelebs,0.12
SiteA_20250529_073839.wav,Fringilla coelebs,0.57
SiteA_20250530_050019.wav,Phylloscopus trochilus,0.48
SiteA_20250530_082616.wav,Phylloscopus trochilus,0.63
SiteA_20250530_063102.wav,Phylloscopus trochilus,0.83
SiteA_20250530_062040.wav,Phylloscopus trochilus,0.28
SiteA_20250530_095820.wav,Phylloscopus trochilus,0.51
SiteA_20250530_041431.wav,Phylloscopus trochilus,0.5
SiteA_20250530_065750.wav,Fringilla coelebs,0.85
SiteA_20250530_061238.wav,Fringilla coelebs,0.9
SiteA_20250530_082847.wav,Fringilla coelebs,0.96
SiteA_20250530_053020.wav,Fringilla coelebs,0.6
SiteA_20250531_090427.wav,Phylloscopus trochilus,0.53
SiteA_20250531_051406.wav,Phylloscopus trochilus,0.33
SiteA_20250531_082436.wav,Phylloscopus trochilus,0.14
SiteA_20250531_060055.wav,Phylloscopus trochilus,0.67
SiteA_20250531_082850.wav,Phylloscopus trochilus,0.59
SiteA_20250531_063603.wav,Fringilla coelebs,0.62
SiteA_20250531_090246.wav,Fringilla coelebs,0.25
SiteA_20250601_081204.wav,Phylloscopus trochilus,0.42
SiteA_20250601_065028.wav,Phylloscopus trochilus,0.86
SiteA_20250601_074739.wav,Phylloscopus trochilus,0.33
SiteA_20250601_074258.wav,Phylloscopus trochilus,0.12
SiteA_20250601_064842.wav,Phylloscopus trochilus,0.88
SiteA_20250601_043113.wav,Phylloscopus trochilus,0.4
SiteA_20250601_074554.wav,Phylloscopus trochilus,0.67
SiteA_20250601_042336.wav,Fringilla coelebs,0.27
SiteA_20250601_090405.wav,Fringilla coelebs,0.49
SiteA_20250601_061655.wav,Fringilla coelebs,0.67
SiteA_20250602_095811.wav,Phylloscopus trochilus,0.76
SiteA_20250602_082258.wav,Phylloscopus trochilus,0.54
SiteA_20250602_090251.wav,Phylloscopus trochilus,0.45
SiteA_20250602_061519.wav,Phylloscopus trochilus,0.11
SiteA_20250602_073143.wav,Phylloscopus trochilus,0.1
SiteA_20250602_094029.wav,Phylloscopus trochilus,1
SiteA_20250602_062603.wav,Phylloscopus trochilus,0.2
SiteA_20250602_093044.wav,Phylloscopus trochilus,0.48
SiteA_20250602_045425.wav,Phylloscopus trochilus,0.75
SiteA_20250602_071140.wav,Fringilla coelebs,0.65
SiteA_20250602_044029.wav,Fringilla coelebs,0.78
SiteA_20250602_055309.wav,Fringilla coelebs,0.86
SiteA_20250602_050200.wav,Fringilla coelebs,0.65
SiteA_20250602_065209.wav,Fringilla coelebs,0.81
SiteA_20250602_041145.wav,Fringilla coelebs,0.12
SiteA_20250603_060808.wav,Phylloscopus trochilus,0.68
SiteA_20250603_075209.wav,Phylloscopus trochilus,0.93
SiteA_20250603_041603.wav,Phylloscopus trochilus,0.26
SiteA_20250603_065242.wav,Phylloscopus trochilus,0.38
SiteA_20250603_073723.wav,Phylloscopus trochilus,0.82
SiteA_20250603_054006.wav,Phylloscopus trochilus,0.99
SiteA_20250603_055813.wav,Phylloscopus trochilus,0.39
SiteA_20250603_062349.wav,Phylloscopus trochilus,0.1
SiteA_20250603_072501.wav,Phylloscopus trochilus,0.99
SiteA_20250603_070022.wav,Phylloscopus trochilus,0.23
SiteA_20250603_061039.wav,Phylloscopus trochilus,0.14
SiteA_20250603_042209.wav,Fringilla coelebs,0.58
SiteA_20250603_075244.wav,Fringilla coelebs,0.82
SiteA_20250603_081953.wav,Fringilla coelebs,0.16
SiteA_20250604_050239.wav,Phylloscopus trochilus,0.35
SiteA_20250604_065300.wav,Phylloscopus trochilus,0.32
SiteA_20250604_060614.wav,Phylloscopus trochilus,0.24
SiteA_20250604_052122.wav,Phylloscopus trochilus,0.16
SiteA_20250604_083734.wav,Phylloscopus trochilus,0.6
SiteA_20250604_054649.wav,Phylloscopus trochilus,0.54
SiteA_20250604_070445.wav,Phylloscopus trochilus,0.54
SiteA_20250604_051913.wav,Phylloscopus trochilus,0.9
SiteA_20250604_085537.wav,Phylloscopus trochilus,0.13
SiteA_20250604_081730.wav,Phylloscopus trochilus,0.28
SiteA_20250604_054356.wav,Phylloscopus trochilus,0.56
SiteA_20250604_052957.wav,Phylloscopus trochilus,0.31
SiteA_20250604_052928.wav,Fringilla coelebs,0.61
SiteA_20250604_085640.wav,Fringilla coelebs,0.23
SiteA_20250604_064715.wav,Fringilla coelebs,0.23
SiteA_20250604_045855.wav,Fringilla coelebs,0.47
SiteA_20250605_082238.wav,Phylloscopus trochilus,0.92
SiteA_20250605_043052.wav,Phylloscopus trochilus,0.83
SiteA_20250605_044913.wav,Phylloscopus trochilus,0.71
SiteA_20250605_043822.wav,Phylloscopus trochilus,0.83
SiteA_20250605_054119.wav,Phylloscopus trochilus,0.22
SiteA_20250605_063719.wav,Phylloscopus trochilus,0.33
SiteA_20250605_084438.wav,Phylloscopus trochilus,0.4
SiteA_20250605_074702.wav,Phylloscopus trochilus,0.47
SiteA_20250605_095501.wav,Fringilla coelebs,0.33
SiteA_20250605_053724.wav,Fringilla coelebs,0.84
SiteA_20250605_074041.wav,Fringilla coelebs,0.11
SiteA_20250605_080854.wav,Fringilla coelebs,0.69
SiteA_20250605_045650.wav,Fringilla coelebs,0.83
SiteA_20250605_065259.wav,Fringilla coelebs,0.52
SiteA_20250605_083723.wav,Fringilla coelebs,0.28
SiteA_20250606_040623.wav,Phylloscopus trochilus,0.92
SiteA_20250606_072945.wav,Phylloscopus trochilus,0.94
SiteA_20250606_064753.wav,Phylloscopus trochilus,0.59
SiteA_20250606_080722.wav,Phylloscopus trochilus,0.3
SiteA_20250606_084607.wav,Phylloscopus trochilus,0.54
SiteA_20250606_065633.wav,Erithacus rubecula,0.47
SiteA_20250606_092000.wav,Fringilla coelebs,0.35
SiteA_20250606_090135.wav,Fringilla coelebs,0.43
SiteA_20250606_092822.wav,Fringilla coelebs,0.33
SiteA_20250607_045835.wav,Phylloscopus trochilus,0.21
SiteA_20250607_062325.wav,Phylloscopus trochilus,0.14
SiteA_20250607_052754.wav,Phylloscopus trochilus,0.34
SiteA_20250607_062619.wav,Phylloscopus trochilus,0.97
SiteA_20250607_082902.wav,Phylloscopus trochilus,0.54
SiteA_20250607_082401.wav,Fringilla coelebs,0.7
SiteA_20250607_054921.wav,Fringilla coelebs,0.14
SiteA_20250607_094211.wav,Fringilla coelebs,0.73
SiteA_20250607_054249.wav,Fringilla coelebs,0.43
SiteA_20250607_055536.wav,Fringilla coelebs,0.9
SiteA_20250607_095504.wav,Fringilla coelebs,0.8
SiteA_20250607_090951.wav,Fringilla coelebs,0.23
SiteA_20250608_043654.wav,Phylloscopus trochilus,0.63
SiteA_20250608_060918.wav,Phylloscopus trochilus,0.61
SiteA_20250608_084835.wav,Phylloscopus trochilus,0.72
SiteA_20250608_065409.wav,Fringilla coelebs,0.99
SiteA_20250608_055124.wav,Fringilla coelebs,0.77
SiteA_20250608_072202.wav,Fringilla coelebs,0.17
SiteA_20250608_052749.wav,Fringilla coelebs,0.51
SiteA_20250608_072720.wav,Fringilla coelebs,0.15
SiteA_20250608_083643.wav,Fringilla coelebs,0.41
SiteA_20250608_095947.wav,Fringilla coelebs,0.76
SiteA_20250609_042107.wav,Phylloscopus trochilus,0.52
SiteA_20250609_062252.wav,Phylloscopus trochilus,0.75
SiteA_20250609_080024.wav,Phylloscopus trochilus,0.7
SiteA_20250609_095020.wav,Phylloscopus trochilus,0.61
SiteA_20250609_050338.wav,Phylloscopus trochilus,0.73
SiteA_20250609_094951.wav,Phylloscopus trochilus,0.69
SiteA_20250609_044853.wav,Phylloscopus trochilus,0.36
SiteA_20250609_060746.wav,Fringilla coelebs,0.76
SiteA_20250609_083542.wav,Fringilla coelebs,0.65
SiteA_20250609_055414.wav,Fringilla coelebs,0.21
SiteA_20250609_065204.wav,Fringilla coelebs,0.6
SiteA_20250609_042007.wav,Fringilla coelebs,0.34
SiteA_20250609_044135.wav,Fringilla coelebs,0.91
SiteA_20250609_054754.wav,Fringilla coelebs,0.11
SiteA_20250609_052639.wav,Fringilla coelebs,0.31
SiteA_20250609_043944.wav,Fringilla coelebs,0.22
SiteA_20250609_064502.wav,Fringilla coelebs,0.39
SiteA_20250609_051505.wav,Fringilla coelebs,0.75
SiteA_20250610_063035.wav,Turdus philomelos,0.74
SiteA_20250610_042118.wav,Turdus philomelos,0.55
SiteA_20250610_052459.wav,Phylloscopus trochilus,0.95
SiteA_20250610_063648.wav,Phylloscopus trochilus,0.21
SiteA_20250610_091530.wav,Phylloscopus trochilus,0.17
SiteA_20250610_062425.wav,Phylloscopus trochilus,0.9
SiteA_20250610_054239.wav,Fringilla coelebs,0.68
SiteA_20250610_051424.wav,Fringilla coelebs,0.52
SiteA_20250610_084218.wav,Fringilla coelebs,0.66
SiteA_20250611_061917.wav,Phylloscopus trochilus,0.2
SiteA_20250611_093125.wav,Phylloscopus trochilus,0.56
SiteA_20250611_081351.wav,Fringilla coelebs,0.25
SiteA_20250611_040842.wav,Fringilla coelebs,0.79
SiteA_20250611_055459.wav,Fringilla coelebs,0.57
SiteA_20250611_053541.wav,Fringilla coelebs,0.87
SiteA_20250612_042714.wav,Fringilla coelebs,0.67
SiteA_20250612_093427.wav,Fringilla coelebs,0.2
SiteA_20250612_043239.wav,Fringilla coelebs,0.93
SiteA_20250612_065447.wav,Fringilla coelebs,0.71
SiteA_20250612_071914.wav,Fringilla coelebs,0.23
SiteA_20250612_043716.wav,Fringilla coelebs,0.77
SiteA_20250612_045243.wav,Fringilla coelebs,0.95
SiteA_20250612_092407.wav,Fringilla coelebs,0.48
SiteA_20250612_081115.wav,Fringilla coelebs,0.37
SiteA_20250612_053616.wav,Fringilla coelebs,0.33
SiteA_20250612_051633.wav,Fringilla coelebs,0.3
SiteA_20250613_054532.wav,Phylloscopus trochilus,0.7
SiteA_20250613_083418.wav,Phylloscopus trochilus,0.59
SiteA_20250613_092626.wav,Phylloscopus trochilus,0.83
SiteA_20250613_084621.wav,Phylloscopus trochilus,0.78
SiteA_20250613_075540.wav,Phylloscopus trochilus,0.12
SiteA_20250613_042826.wav,Fringilla coelebs,0.82
SiteA_20250613_074657.wav,Fringilla coelebs,0.93
SiteA_20250613_085427.wav,Fringilla coelebs,0.59
SiteA_20250614_043533.wav,Turdus philomelos,0.63
SiteA_20250614_040529.wav,Phylloscopus trochilus,0.56
SiteA_20250614_060302.wav,Phylloscopus trochilus,0.79
SiteA_20250614_065423.wav,Phylloscopus trochilus,0.91
SiteA_20250614_094200.wav,Phylloscopus trochilus,0.84
SiteA_20250614_061458.wav,Fringilla coelebs,0.15
SiteA_20250614_053238.wav,Fringilla coelebs,0.88
SiteA_20250615_070040.wav,Phylloscopus trochilus,0.96
SiteA_20250615_063048.wav,Phylloscopus trochilus,0.63
SiteA_20250615_054325.wav,Fringilla coelebs,0.39
SiteA_20250615_095510.wav,Fringilla coelebs,0.83
SiteA_20250615_095934.wav,Fringilla coelebs,0.14
SiteA_20250615_085841.wav,Fringilla coelebs,0.43
SiteA_20250615_050116.wav,Fringilla coelebs,0.87
SiteA_20250615_095131.wav,Fringilla coelebs,0.73
SiteA_20250615_065144.wav,Fringilla coelebs,0.72
SiteA_20250616_043346.wav,Phylloscopus trochilus,0.22
SiteA_20250616_085041.wav,Phylloscopus trochilus,0.81
SiteA_20250616_061312.wav,Erithacus rubecula,0.28
SiteA_20250616_044613.wav,Fringilla coelebs,0.64
SiteA_20250616_071119.wav,Fringilla coelebs,0.96
SiteA_20250616_070005.wav,Fringilla coelebs,0.24
SiteA_20250616_084624.wav,Fringilla coelebs,0.57
SiteA_20250616_075814.wav,Fringilla coelebs,0.89
SiteA_20250616_054823.wav,Fringilla coelebs,0.88
SiteA_20250616_051630.wav,Fringilla coelebs,0.12
SiteA_20250616_045035.wav,Fringilla coelebs,0.98
SiteA_20250616_074322.wav,Fringilla coelebs,0.54
SiteA_20250616_090100.wav,Fringilla coelebs,0.45
SiteA_20250617_045825.wav,Fringilla coelebs,0.41
SiteA_20250617_090636.wav,Fringilla coelebs,0.47
SiteA_20250617_052657.wav,Fringilla coelebs,0.37
SiteA_20250617_052844.wav,Fringilla coelebs,0.6
SiteA_20250617_051400.wav,Fringilla coelebs,0.24
SiteA_20250617_050212.wav,Fringilla coelebs,0.96
SiteA_20250617_041416.wav,Fringilla coelebs,0.14
SiteA_20250618_051255.wav,Phylloscopus trochilus,0.68
SiteA_20250618_095802.wav,Phylloscopus trochilus,0.16
SiteA_20250618_050450.wav,Phylloscopus trochilus,0.47
SiteA_20250618_083915.wav,Phylloscopus trochilus,0.48
SiteA_20250618_051423.wav,Fringilla coelebs,0.66
SiteA_20250618_061317.wav,Fringilla coelebs,0.23
SiteA_20250618_090116.wav,Fringilla coelebs,0.92
SiteA_20250618_083532.wav,Fringilla coelebs,0.61
SiteA_20250618_050122.wav,Fringilla coelebs,0.59
SiteA_20250618_073250.wav,Fringilla coelebs,0.21
SiteA_20250618_085303.wav,Fringilla coelebs,0.79
SiteA_20250618_095809.wav,Fringilla coelebs,0.53
SiteA_20250619_073835.wav,Erithacus rubecula,0.34
SiteA_20250619_042215.wav,Fringilla coelebs,0.68
SiteA_20250619_052306.wav,Fringilla coelebs,0.95
SiteA_20250619_051205.wav,Fringilla coelebs,0.11
SiteA_20250619_071457.wav,Fringilla coelebs,0.42
SiteA_20250619_073303.wav,Fringilla coelebs,0.48
SiteA_20250619_081422.wav,Fringilla coelebs,0.51
SiteA_20250620_045114.wav,Phylloscopus trochilus,0.66
SiteA_20250620_051934.wav,Phylloscopus trochilus,0.91
SiteA_20250620_061944.wav,Phylloscopus trochilus,0.78
SiteA_20250620_052115.wav,Fringilla coelebs,0.27
SiteA_20250620_085359.wav,Fringilla coelebs,0.49
SiteA_20250620_055847.wav,Fringilla coelebs,0.18
SiteA_20250620_043137.wav,Fringilla coelebs,0.3
SiteA_20250620_092301.wav,Fringilla coelebs,0.61
SiteA_20250621_081239.wav,Phylloscopus trochilus,0.85
SiteA_20250621_085818.wav,Fringilla coelebs,0.74
SiteA_20250621_070923.wav,Fringilla coelebs,0.2
SiteA_20250621_070251.wav,Fringilla coelebs,0.35
SiteA_20250621_090526.wav,Fringilla coelebs,0.63
SiteA_20250621_073050.wav,Fringilla coelebs,0.24
SiteA_20250621_075757.wav,Fringilla coelebs,0.87
SiteA_20250621_045934.wav,Fringilla coelebs,0.86
SiteA_20250622_072039.wav,Phylloscopus trochilus,0.37
SiteA_20250622_083335.wav,Phylloscopus trochilus,0.16
SiteA_20250622_073639.wav,Fringilla coelebs,0.41
SiteA_20250622_085512.wav,Fringilla coelebs,0.27
SiteA_20250622_062147.wav,Fringilla coelebs,0.56
SiteA_20250622_054510.wav,Fringilla coelebs,0.12
SiteA_20250622_075354.wav,Fringilla coelebs,0.8
SiteA_20250622_071706.wav,Fringilla coelebs,0.6
SiteA_20250622_060452.wav,Fringilla coelebs,0.68
SiteA_20250623_095859.wav,Fringilla coelebs,0.63
SiteA_20250623_055512.wav,Fringilla coelebs,0.46
SiteA_20250623_065711.wav,Fringilla coelebs,0.83
SiteA_20250623_065625.wav,Fringilla coelebs,0.39
SiteA_20250623_083619.wav,Fringilla coelebs,0.62
SiteA_20250623_081651.wav,Fringilla coelebs,0.51
SiteA_20250623_072850.wav,Fringilla coelebs,0.34
SiteA_20250623_050833.wav,Fringilla coelebs,0.6
SiteA_20250623_054632.wav,Fringilla coelebs,0.31
SiteA_20250623_094932.wav,Fringilla coelebs,0.59
SiteA_20250624_064531.wav,Fringilla coelebs,0.23
SiteA_20250624_093324.wav,Fringilla coelebs,0.6
SiteA_20250624_080336.wav,Fringilla coelebs,0.48
SiteA_20250624_053134.wav,Fringilla coelebs,0.5
SiteA_20250624_052610.wav,Fringilla coelebs,0.85
SiteA_20250624_052800.wav,Fringilla coelebs,0.75
SiteA_20250624_055532.wav,Fringilla coelebs,0.51
SiteA_20250624_050712.wav,Fringilla coelebs,0.57
SiteA_20250625_040221.wav,Fringilla coelebs,0.88
SiteA_20250625_090313.wav,Fringilla coelebs,0.99
SiteA_20250626_051627.wav,Phylloscopus trochilus,0.9
SiteA_20250626_040115.wav,Fringilla coelebs,0.35
SiteA_20250626_070923.wav,Fringilla coelebs,0.69
SiteA_20250626_091733.wav,Fringilla coelebs,0.32
SiteA_20250626_092331.wav,Fringilla coelebs,0.36
SiteA_20250626_040422.wav,Fringilla coelebs,0.74
SiteA_20250626_080450.wav,Fringilla coelebs,0.75
SiteA_20250626_092806.wav,Fringilla coelebs,0.26
SiteA_20250627_041656.wav,Fringilla coelebs,0.6
SiteA_20250627_082159.wav,Fringilla coelebs,0.22
SiteA_20250627_070037.wav,Fringilla coelebs,0.98
SiteA_20250627_041356.wav,Fringilla coelebs,0.61
SiteA_20250627_091154.wav,Fringilla coelebs,0.81
SiteA_20250627_044505.wav,Fringilla coelebs,0.86
SiteA_20250627_052728.wav,Fringilla coelebs,0.89
SiteA_20250627_075058.wav,Fringilla coelebs,0.82
SiteA_20250628_041419.wav,Fringilla coelebs,0.48
SiteA_20250628_041829.wav,Fringilla coelebs,0.42
SiteA_20250629_062424.wav,Fringilla coelebs,0.78
SiteA_20250629_052058.wav,Fringilla coelebs,0.34
SiteA_20250629_042439.wav,Fringilla coelebs,0.2
SiteA_20250629_051407.wav,Fringilla coelebs,0.13
SiteA_20250629_042845.wav,Fringilla coelebs,0.83
SiteA_20250630_074955.wav,Phylloscopus trochilus,0.17
SiteA_20250630_053932.wav,Fringilla coelebs,0.76
SiteA_20250630_054943.wav,Fringilla coelebs,0.78
SiteA_20250630_051743.wav,Fringilla coelebs,0.99
SiteB_20250415_050745.wav,Turdus philomelos,0.32
SiteB_20250416_084815.wav,Fringilla coelebs,0.58
SiteB_20250417_054626.wav,Turdus philomelos,0.94
SiteB_20250417_055427.wav,Phylloscopus trochilus,0.69
SiteB_20250418_074827.wav,Turdus philomelos,0.53
SiteB_20250418_094225.wav,Turdus philomelos,0.45
SiteB_20250419_073614.wav,Turdus philomelos,0.94
SiteB_20250420_073352.wav,Fringilla coelebs,0.14
SiteB_20250421_083244.wav,Phylloscopus trochilus,0.61
SiteB_20250422_053500.wav,Turdus philomelos,0.59
SiteB_20250422_071310.wav,Turdus philomelos,0.84
SiteB_20250423_081659.wav,Turdus philomelos,0.78
SiteB_20250423_055133.wav,Turdus philomelos,0.44
SiteB_20250423_054741.wav,Turdus philomelos,0.36
SiteB_20250424_072937.wav,Turdus philomelos,0.46
SiteB_20250424_073358.wav,Turdus philomelos,0.17
SiteB_20250424_092449.wav,Turdus philomelos,0.96
SiteB_20250424_042331.wav,Turdus philomelos,0.3
SiteB_20250425_045332.wav,Turdus philomelos,0.4
SiteB_20250425_052055.wav,Turdus philomelos,0.23
SiteB_20250425_042357.wav,Turdus philomelos,0.92
SiteB_20250426_092342.wav,Turdus philomelos,0.58
SiteB_20250426_045637.wav,Turdus philomelos,0.43
SiteB_20250426_051921.wav,Turdus philomelos,0.16
SiteB_20250426_055744.wav,Turdus philomelos,0.87
SiteB_20250426_053926.wav,Turdus philomelos,0.56
SiteB_20250426_090438.wav,Turdus philomelos,0.29
SiteB_20250427_062634.wav,Turdus philomelos,0.32
SiteB_20250427_062428.wav,Turdus philomelos,0.21
SiteB_20250427_075320.wav,Turdus philomelos,0.17
SiteB_20250428_064736.wav,Turdus philomelos,0.98
SiteB_20250428_075428.wav,Turdus philomelos,0.47
SiteB_20250429_055410.wav,Turdus philomelos,0.29
SiteB_20250429_062155.wav,Turdus philomelos,0.59
SiteB_20250429_085836.wav,Turdus philomelos,0.75
SiteB_20250429_051252.wav,Turdus philomelos,0.46
SiteB_20250429_042901.wav,Turdus philomelos,0.18
SiteB_20250429_051812.wav,Turdus philomelos,0.67
SiteB_20250429_044617.wav,Turdus philomelos,0.1
SiteB_20250429_063130.wav,Turdus philomelos,0.29
SiteB_20250429_093821.wav,Phylloscopus trochilus,0.88
SiteB_20250429_073822.wav,Fringilla coelebs,0.22
SiteB_20250430_055026.wav,Turdus philomelos,0.81
SiteB_20250430_061240.wav,Turdus philomelos,0.72
SiteB_20250430_095640.wav,Turdus philomelos,0.63
SiteB_20250430_084400.wav,Turdus philomelos,0.21
SiteB_20250501_075514.wav,Turdus philomelos,0.12
SiteB_20250501_075703.wav,Turdus philomelos,0.28
SiteB_20250501_041322.wav,Turdus philomelos,0.89
SiteB_20250501_054755.wav,Turdus philomelos,0.2
SiteB_20250501_083442.wav,Turdus philomelos,0.97
SiteB_20250501_061840.wav,Turdus philomelos,0.45
SiteB_20250501_082901.wav,Turdus philomelos,0.87
SiteB_20250501_073136.wav,Phylloscopus trochilus,0.54
SiteB_20250502_081508.wav,Turdus philomelos,0.99
SiteB_20250502_075026.wav,Turdus philomelos,0.16
SiteB_20250502_045635.wav,Turdus philomelos,0.24
SiteB_20250502_060111.wav,Turdus philomelos,0.81
SiteB_20250502_065101.wav,Turdus philomelos,0.59
SiteB_20250502_070137.wav,Turdus philomelos,0.47
SiteB_20250502_093246.wav,Phylloscopus trochilus,0.33
SiteB_20250502_040125.wav,Phylloscopus trochilus,0.56
SiteB_20250502_072315.wav,Phylloscopus trochilus,0.17
SiteB_20250502_045712.wav,Phylloscopus trochilus,0.83
SiteB_20250503_040617.wav,Turdus philomelos,0.28
SiteB_20250503_095305.wav,Turdus philomelos,0.95
SiteB_20250503_083344.wav,Turdus philomelos,0.41
SiteB_20250503_055320.wav,Turdus philomelos,0.57
SiteB_20250503_060743.wav,Turdus philomelos,0.2
SiteB_20250503_090547.wav,Turdus philomelos,0.9
SiteB_20250503_061918.wav,Turdus philomelos,0.96
SiteB_20250503_045319.wav,Turdus philomelos,0.14
SiteB_20250503_094119.wav,Turdus philomelos,0.54
SiteB_20250503_070240.wav,Fringilla coelebs,0.58
SiteB_20250504_070913.wav,Turdus philomelos,0.35
SiteB_20250505_074856.wav,Turdus philomelos,0.14
SiteB_20250505_052749.wav,Turdus philomelos,0.2
SiteB_20250505_050803.wav,Turdus philomelos,0.73
SiteB_20250505_044631.wav,Turdus philomelos,0.95
SiteB_20250505_045216.wav,Turdus philomelos,0.38
SiteB_20250505_092620.wav,Turdus philomelos,0.17
SiteB_20250506_082720.wav,Turdus philomelos,0.82
SiteB_20250506_074814.wav,Turdus philomelos,0.35
SiteB_20250506_061735.wav,Turdus philomelos,0.61
SiteB_20250506_092046.wav,Turdus philomelos,0.14
SiteB_20250506_044744.wav,Turdus philomelos,0.27
SiteB_20250506_072315.wav,Turdus philomelos,0.75
SiteB_20250506_083249.wav,Turdus philomelos,0.84
SiteB_20250506_043434.wav,Phylloscopus trochilus,0.61
SiteB_20250507_061508.wav,Turdus philomelos,0.88
SiteB_20250507_094122.wav,Turdus philomelos,0.17
SiteB_20250507_073544.wav,Turdus philomelos,0.32
SiteB_20250507_052004.wav,Turdus philomelos,0.98
SiteB_20250507_055903.wav,Turdus philomelos,0.62
SiteB_20250508_090706.wav,Turdus philomelos,0.23
SiteB_20250508_073056.wav,Turdus philomelos,0.73
SiteB_20250508_044851.wav,Turdus philomelos,0.16
SiteB_20250508_091526.wav,Phylloscopus trochilus,0.94
SiteB_20250508_072135.wav,Phylloscopus trochilus,0.18
SiteB_20250508_053540.wav,Fringilla coelebs,0.12
SiteB_20250508_085535.wav,Fringilla coelebs,0.75
SiteB_20250509_055813.wav,Turdus philomelos,0.61
SiteB_20250509_051047.wav,Turdus philomelos,0.89
SiteB_20250509_080940.wav,Turdus philomelos,0.6
SiteB_20250509_052715.wav,Turdus philomelos,0.76
SiteB_20250509_073547.wav,Turdus philomelos,0.66
SiteB_20250509_045537.wav,Turdus philomelos,0.38
SiteB_20250509_094351.wav,Turdus philomelos,0.45
SiteB_20250509_065907.wav,Turdus philomelos,0.28
SiteB_20250509_090319.wav,Phylloscopus trochilus,0.65
SiteB_20250509_064138.wav,Phylloscopus trochilus,0.78
SiteB_20250509_094929.wav,Phylloscopus trochilus,0.61
SiteB_20250510_051439.wav,Turdus philomelos,0.59
SiteB_20250510_094324.wav,Turdus philomelos,0.41
SiteB_20250510_065805.wav,Turdus philomelos,0.56
SiteB_20250510_090111.wav,Turdus philomelos,0.83
SiteB_20250510_085944.wav,Turdus philomelos,0.57
SiteB_20250510_041835.wav,Turdus philomelos,0.28
SiteB_20250510_091617.wav,Turdus philomelos,0.86
SiteB_20250510_074400.wav,Turdus philomelos,0.43
SiteB_20250510_064514.wav,Turdus philomelos,0.37
SiteB_20250510_060833.wav,Turdus philomelos,0.79
SiteB_20250510_090746.wav,Phylloscopus trochilus,0.86
SiteB_20250510_095204.wav,Phylloscopus trochilus,0.61
SiteB_20250510_054447.wav,Phylloscopus trochilus,0.12
SiteB_20250511_074246.wav,Turdus philomelos,0.85
SiteB_20250511_073606.wav,Turdus philomelos,0.76
SiteB_20250511_045018.wav,Turdus philomelos,0.6
SiteB_20250511_054526.wav,Turdus philomelos,0.17
SiteB_20250511_075552.wav,Turdus philomelos,0.22
SiteB_20250511_090315.wav,Turdus philomelos,0.72
SiteB_20250511_045154.wav,Turdus philomelos,0.19
SiteB_20250511_091246.wav,Turdus philomelos,0.28
SiteB_20250511_040208.wav,Phylloscopus trochilus,0.86
SiteB_20250511_054526.wav,Phylloscopus trochilus,0.31
SiteB_20250511_063515.wav,Fringilla coelebs,0.2
SiteB_20250512_095654.wav,Turdus philomelos,0.33
SiteB_20250512_080409.wav,Turdus philomelos,0.59
SiteB_20250512_095644.wav,Turdus philomelos,0.13
SiteB_20250512_061635.wav,Turdus philomelos,0.83
SiteB_20250512_053359.wav,Turdus philomelos,0.4
SiteB_20250512_081632.wav,Turdus philomelos,0.92
SiteB_20250512_080953.wav,Turdus philomelos,0.42
SiteB_20250512_090302.wav,Turdus philomelos,0.98
SiteB_20250512_055720.wav,Turdus philomelos,0.45
SiteB_20250512_094532.wav,Turdus philomelos,0.54
SiteB_20250512_074823.wav,Phylloscopus trochilus,0.11
SiteB_20250512_095849.wav,Phylloscopus trochilus,0.68
SiteB_20250513_073105.wav,Turdus philomelos,0.62
SiteB_20250513_045752.wav,Turdus philomelos,0.66
SiteB_20250513_050417.wav,Turdus philomelos,0.49
SiteB_20250513_041349.wav,Turdus philomelos,0.25
SiteB_20250513_083444.wav,Turdus philomelos,0.74
SiteB_20250513_060925.wav,Turdus philomelos,0.77
SiteB_20250513_042129.wav,Phylloscopus trochilus,0.58
SiteB_20250513_082551.wav,Phylloscopus trochilus,0.37
SiteB_20250513_040430.wav,Phylloscopus trochilus,0.51
SiteB_20250513_090023.wav,Phylloscopus trochilus,0.45
SiteB_20250513_064954.wav,Phylloscopus trochilus,0.32
SiteB_20250514_044631.wav,Turdus philomelos,0.36
SiteB_20250514_051720.wav,Turdus philomelos,0.69
SiteB_20250514_050949.wav,Turdus philomelos,0.58
SiteB_20250514_054732.wav,Turdus philomelos,0.64
SiteB_20250514_091403.wav,Turdus philomelos,0.12
SiteB_20250514_071603.wav,Turdus philomelos,0.1
SiteB_20250514_041925.wav,Turdus philomelos,0.22
SiteB_20250514_072548.wav,Turdus philomelos,0.12
SiteB_20250514_042235.wav,Turdus philomelos,0.18
SiteB_20250514_040605.wav,Turdus philomelos,0.53
SiteB_20250514_064707.wav,Turdus philomelos,0.28
SiteB_20250514_074935.wav,Turdus philomelos,0.83
SiteB_20250514_061330.wav,Phylloscopus trochilus,0.54
SiteB_20250514_062027.wav,Phylloscopus trochilus,0.68
SiteB_20250515_074242.wav,Turdus philomelos,0.49
SiteB_20250515_044348.wav,Turdus philomelos,0.31
SiteB_20250515_051216.wav,Turdus philomelos,0.37
SiteB_20250515_044654.wav,Turdus philomelos,0.24
SiteB_20250515_074443.wav,Turdus philomelos,0.63
SiteB_20250515_043015.wav,Turdus philomelos,0.23
SiteB_20250515_093256.wav,Turdus philomelos,0.26
SiteB_20250515_071159.wav,Turdus philomelos,0.41
SiteB_20250515_075959.wav,Turdus philomelos,0.27
SiteB_20250515_070028.wav,Phylloscopus trochilus,0.65
SiteB_20250515_085715.wav,Phylloscopus trochilus,0.72
SiteB_20250515_094648.wav,Phylloscopus trochilus,0.84
SiteB_20250516_062220.wav,Turdus philomelos,0.12
SiteB_20250516_061007.wav,Turdus philomelos,0.65
SiteB_20250516_072010.wav,Turdus philomelos,0.52
SiteB_20250516_072643.wav,Turdus philomelos,0.42
SiteB_20250516_043616.wav,Turdus philomelos,0.89
SiteB_20250516_060201.wav,Turdus philomelos,0.17
SiteB_20250516_043324.wav,Turdus philomelos,0.89
SiteB_20250516_041153.wav,Turdus philomelos,0.27
SiteB_20250516_071931.wav,Turdus philomelos,0.29
SiteB_20250516_085808.wav,Turdus philomelos,0.88
SiteB_20250516_065540.wav,Turdus philomelos,0.15
SiteB_20250516_043744.wav,Phylloscopus trochilus,0.99
SiteB_20250516_080632.wav,Phylloscopus trochilus,0.71
SiteB_20250516_045609.wav,Phylloscopus trochilus,0.49
SiteB_20250517_093501.wav,Turdus philomelos,0.82
SiteB_20250517_084123.wav,Turdus philomelos,0.7
SiteB_20250517_094202.wav,Turdus philomelos,0.52
SiteB_20250517_040828.wav,Turdus philomelos,0.15
SiteB_20250517_050720.wav,Turdus philomelos,0.31
SiteB_20250517_081330.wav,Phylloscopus trochilus,0.31
SiteB_20250517_045614.wav,Phylloscopus trochilus,0.16
SiteB_20250517_082648.wav,Phylloscopus trochilus,0.55
SiteB_20250518_045705.wav,Turdus philomelos,0.59
SiteB_20250518_075448.wav,Turdus philomelos,0.95
SiteB_20250518_074534.wav,Turdus philomelos,0.18
SiteB_20250518_073145.wav,Turdus philomelos,0.95
SiteB_20250518_082321.wav,Turdus philomelos,0.75
SiteB_20250518_093815.wav,Turdus philomelos,0.93
SiteB_20250518_052155.wav,Turdus philomelos,0.65
SiteB_20250518_053735.wav,Phylloscopus trochilus,0.26
SiteB_20250518_092056.wav,Phylloscopus trochilus,0.76
SiteB_20250518_081822.wav,Phylloscopus trochilus,0.63
SiteB_20250519_062253.wav,Turdus philomelos,0.4
SiteB_20250519_081454.wav,Turdus philomelos,0.87
SiteB_20250519_080802.wav,Turdus philomelos,0.62
SiteB_20250519_085040.wav,Turdus philomelos,0.47
SiteB_20250519_093055.wav,Turdus philomelos,0.94
SiteB_20250519_041444.wav,Turdus philomelos,0.52
SiteB_20250519_053609.wav,Phylloscopus trochilus,0.52
SiteB_20250519_050558.wav,Phylloscopus trochilus,0.99
SiteB_20250519_044056.wav,Phylloscopus trochilus,0.93
SiteB_20250520_062725.wav,Turdus philomelos,0.37
SiteB_20250520_071426.wav,Turdus philomelos,0.82
SiteB_20250520_050300.wav,Turdus philomelos,0.82
SiteB_20250520_055528.wav,Turdus philomelos,0.45
SiteB_20250520_064033.wav,Turdus philomelos,0.44
SiteB_20250520_083957.wav,Turdus philomelos,0.68
SiteB_20250520_063852.wav,Phylloscopus trochilus,0.69
SiteB_20250520_084904.wav,Phylloscopus trochilus,0.56
SiteB_20250520_062641.wav,Phylloscopus trochilus,0.23
SiteB_20250520_090917.wav,Phylloscopus trochilus,0.65
SiteB_20250520_071126.wav,Phylloscopus trochilus,0.14
SiteB_20250520_084204.wav,Phylloscopus trochilus,0.55
SiteB_20250520_060507.wav,Phylloscopus trochilus,0.77
SiteB_20250520_051036.wav,Phylloscopus trochilus,0.78
SiteB_20250520_040835.wav,Phylloscopus trochilus,0.16
SiteB_20250520_072737.wav,Fringilla coelebs,0.55
SiteB_20250521_071836.wav,Turdus philomelos,0.64
SiteB_20250521_061856.wav,Turdus philomelos,0.76
SiteB_20250521_070110.wav,Phylloscopus trochilus,0.2
SiteB_20250521_042149.wav,Phylloscopus trochilus,0.62
SiteB_20250521_083449.wav,Phylloscopus trochilus,0.82
SiteB_20250521_085616.wav,Phylloscopus trochilus,0.31
SiteB_20250521_044657.wav,Phylloscopus trochilus,0.75
SiteB_20250521_074434.wav,Phylloscopus trochilus,0.85
SiteB_20250521_055325.wav,Phylloscopus trochilus,0.21
SiteB_20250521_065418.wav,Phylloscopus trochilus,0.96
SiteB_20250521_042723.wav,Fringilla coelebs,0.83
SiteB_20250521_083240.wav,Fringilla coelebs,0.27
SiteB_20250522_054812.wav,Phylloscopus trochilus,0.93
SiteB_20250522_054137.wav,Phylloscopus trochilus,0.22
SiteB_20250522_075507.wav,Phylloscopus trochilus,0.53
SiteB_20250522_075503.wav,Phylloscopus trochilus,0.52
SiteB_20250522_054518.wav,Phylloscopus trochilus,0.73
SiteB_20250522_055456.wav,Phylloscopus trochilus,0.16
SiteB_20250522_071004.wav,Phylloscopus trochilus,0.76
SiteB_20250522_080229.wav,Phylloscopus trochilus,0.46
SiteB_20250522_094614.wav,Phylloscopus trochilus,0.52
SiteB_20250522_063456.wav,Phylloscopus trochilus,0.75
SiteB_20250522_072100.wav,Fringilla coelebs,1
SiteB_20250523_051429.wav,Turdus philomelos,0.85
SiteB_20250523_064853.wav,Turdus philomelos,0.79
SiteB_20250523_044832.wav,Turdus philomelos,0.2
SiteB_20250523_055707.wav,Turdus philomelos,0.86
SiteB_20250523_082544.wav,Phylloscopus trochilus,0.99
SiteB_20250523_073432.wav,Phylloscopus trochilus,0.14
SiteB_20250523_064205.wav,Phylloscopus trochilus,0.77
SiteB_20250523_052436.wav,Phylloscopus trochilus,0.48
SiteB_20250523_084209.wav,Phylloscopus trochilus,0.62
SiteB_20250523_045202.wav,Phylloscopus trochilus,0.85
SiteB_20250523_040640.wav,Phylloscopus trochilus,0.11
SiteB_20250523_043030.wav,Phylloscopus trochilus,0.11
SiteB_20250523_064530.wav,Phylloscopus trochilus,1
SiteB_20250523_050921.wav,Fringilla coelebs,0.38
SiteB_20250523_042450.wav,Fringilla coelebs,0.83
SiteB_20250524_051702.wav,Turdus philomelos,0.28
SiteB_20250524_074940.wav,Turdus philomelos,0.68
SiteB_20250524_041826.wav,Turdus philomelos,0.49
SiteB_20250524_072656.wav,Turdus philomelos,0.94
SiteB_20250524_080739.wav,Turdus philomelos,0.99
SiteB_20250524_061145.wav,Turdus philomelos,0.51
SiteB_20250524_052515.wav,Phylloscopus trochilus,0.73
SiteB_20250524_095545.wav,Phylloscopus trochilus,0.6
SiteB_20250524_080603.wav,Phylloscopus trochilus,0.63
SiteB_20250524_082823.wav,Phylloscopus trochilus,0.49
SiteB_20250524_062159.wav,Phylloscopus trochilus,0.48
SiteB_20250524_055321.wav,Fringilla coelebs,0.51
SiteB_20250524_042356.wav,Fringilla coelebs,0.96
SiteB_20250525_060641.wav,Turdus philomelos,0.3
SiteB_20250525_054410.wav,Turdus philomelos,0.48
SiteB_20250525_045150.wav,Turdus philomelos,0.48
SiteB_20250525_042201.wav,Phylloscopus trochilus,0.44
SiteB_20250525_074043.wav,Phylloscopus trochilus,0.48
SiteB_20250525_065230.wav,Phylloscopus trochilus,0.27
SiteB_20250525_052008.wav,Fringilla coelebs,0.11
SiteB_20250525_060849.wav,Fringilla coelebs,0.76
SiteB_20250526_071523.wav,Turdus philomelos,0.76
SiteB_20250526_054924.wav,Phylloscopus trochilus,0.14
SiteB_20250526_072600.wav,Phylloscopus trochilus,0.48
SiteB_20250526_091121.wav,Fringilla coelebs,0.3
SiteB_20250526_041040.wav,Fringilla coelebs,0.85
SiteB_20250527_080051.wav,Turdus philomelos,0.91
SiteB_20250527_062857.wav,Turdus philomelos,0.47
SiteB_20250527_092044.wav,Phylloscopus trochilus,0.33
SiteB_20250527_063425.wav,Phylloscopus trochilus,0.44
SiteB_20250527_072247.wav,Phylloscopus trochilus,0.31
SiteB_20250527_095916.wav,Phylloscopus trochilus,0.94
SiteB_20250527_045927.wav,Phylloscopus trochilus,0.53
SiteB_20250527_084540.wav,Phylloscopus trochilus,0.14
SiteB_20250527_095555.wav,Phylloscopus trochilus,0.8
SiteB_20250527_065421.wav,Fringilla coelebs,0.6
SiteB_20250528_092702.wav,Turdus philomelos,0.35
SiteB_20250528_045828.wav,Phylloscopus trochilus,0.48
SiteB_20250528_061954.wav,Phylloscopus trochilus,0.65
SiteB_20250528_044951.wav,Phylloscopus trochilus,0.98
SiteB_20250528_045948.wav,Phylloscopus trochilus,0.97
SiteB_20250529_063114.wav,Turdus philomelos,0.46
SiteB_20250529_060632.wav,Phylloscopus trochilus,0.39
SiteB_20250529_061038.wav,Phylloscopus trochilus,0.71
SiteB_20250529_075028.wav,Phylloscopus trochilus,0.36
SiteB_20250529_073713.wav,Phylloscopus trochilus,0.45
SiteB_20250529_095633.wav,Phylloscopus trochilus,0.99
SiteB_20250529_074733.wav,Phylloscopus trochilus,0.81
SiteB_20250529_041259.wav,Phylloscopus trochilus,0.38
SiteB_20250529_094718.wav,Fringilla coelebs,0.3
SiteB_20250529_041324.wav,Fringilla coelebs,0.55
SiteB_20250529_092853.wav,Fringilla coelebs,0.25
SiteB_20250529_061434.wav,Fringilla coelebs,0.21
SiteB_20250530_045750.wav,Turdus philomelos,0.18
SiteB_20250530_050618.wav,Turdus philomelos,0.88
SiteB_20250530_060053.wav,Phylloscopus trochilus,0.12
SiteB_20250530_041539.wav,Phylloscopus trochilus,0.81
SiteB_20250530_085925.wav,Phylloscopus trochilus,0.42
SiteB_20250530_090625.wav,Phylloscopus trochilus,0.12
SiteB_20250530_093334.wav,Phylloscopus trochilus,0.77
SiteB_20250530_060133.wav,Phylloscopus trochilus,0.13
SiteB_20250530_093616.wav,Fringilla coelebs,0.33
SiteB_20250530_085559.wav,Fringilla coelebs,0.55
SiteB_20250530_094712.wav,Fringilla coelebs,0.69
SiteB_20250531_052302.wav,Phylloscopus trochilus,0.19
SiteB_20250531_042519.wav,Phylloscopus trochilus,0.83
SiteB_20250531_042108.wav,Phylloscopus trochilus,0.66
SiteB_20250531_054135.wav,Phylloscopus trochilus,0.67
SiteB_20250531_062545.wav,Phylloscopus trochilus,0.45
SiteB_20250531_072049.wav,Fringilla coelebs,0.41
SiteB_20250531_084302.wav,Fringilla coelebs,0.81
SiteB_20250531_095211.wav,Fringilla coelebs,0.9
SiteB_20250601_064957.wav,Turdus philomelos,0.63
SiteB_20250601_064018.wav,Phylloscopus trochilus,0.17
SiteB_20250601_095124.wav,Phylloscopus trochilus,0.63
SiteB_20250601_052742.wav,Phylloscopus trochilus,0.26
SiteB_20250601_045229.wav,Phylloscopus trochilus,0.77
SiteB_20250601_040515.wav,Phylloscopus trochilus,0.36
SiteB_20250601_084339.wav,Phylloscopus trochilus,0.68
SiteB_20250601_073246.wav,Phylloscopus trochilus,0.21
SiteB_20250601_051517.wav,Fringilla coelebs,0.84
SiteB_20250601_090759.wav,Fringilla coelebs,0.82
SiteB_20250602_081724.wav,Phylloscopus trochilus,0.22
SiteB_20250602_091438.wav,Phylloscopus trochilus,0.65
SiteB_20250602_042233.wav,Phylloscopus trochilus,0.52
SiteB_20250602_081448.wav,Phylloscopus trochilus,0.6
SiteB_20250602_084043.wav,Phylloscopus trochilus,0.76
SiteB_20250602_060352.wav,Phylloscopus trochilus,0.52
SiteB_20250602_055124.wav,Phylloscopus trochilus,0.99
SiteB_20250602_093142.wav,Phylloscopus trochilus,0.99
SiteB_20250602_083128.wav,Phylloscopus trochilus,0.45
SiteB_20250602_064630.wav,Phylloscopus trochilus,0.65
SiteB_20250602_072351.wav,Phylloscopus trochilus,0.41
SiteB_20250602_053854.wav,Fringilla coelebs,0.31
SiteB_20250602_085818.wav,Fringilla coelebs,0.11
SiteB_20250602_075415.wav,Fringilla coelebs,0.12
SiteB_20250602_054549.wav,Fringilla coelebs,0.15
SiteB_20250603_053902.wav,Turdus philomelos,0.52
SiteB_20250603_090920.wav,Phylloscopus trochilus,0.62
SiteB_20250603_075557.wav,Phylloscopus trochilus,0.27
SiteB_20250603_044009.wav,Phylloscopus trochilus,0.65
SiteB_20250603_050644.wav,Phylloscopus trochilus,0.9
SiteB_20250603_070327.wav,Phylloscopus trochilus,0.81
SiteB_20250603_070945.wav,Phylloscopus trochilus,0.55
SiteB_20250603_083218.wav,Phylloscopus trochilus,0.48
SiteB_20250603_052213.wav,Phylloscopus trochilus,0.69
SiteB_20250603_060019.wav,Phylloscopus trochilus,0.9
SiteB_20250603_054303.wav,Phylloscopus trochilus,0.9
SiteB_20250603_061348.wav,Fringilla coelebs,0.33
SiteB_20250603_095241.wav,Fringilla coelebs,0.2
SiteB_20250604_073013.wav,Turdus philomelos,0.2
SiteB_20250604_053311.wav,Phylloscopus trochilus,0.79
SiteB_20250604_071107.wav,Phylloscopus trochilus,0.95
SiteB_20250604_053834.wav,Phylloscopus trochilus,0.52
SiteB_20250604_052221.wav,Phylloscopus trochilus,0.95
SiteB_20250604_075414.wav,Phylloscopus trochilus,0.81
SiteB_20250604_095257.wav,Phylloscopus trochilus,0.89
SiteB_20250604_055401.wav,Phylloscopus trochilus,0.46
SiteB_20250604_040055.wav,Phylloscopus trochilus,0.19
SiteB_20250604_095006.wav,Phylloscopus trochilus,0.35
SiteB_20250604_063437.wav,Phylloscopus trochilus,0.75
SiteB_20250604_055619.wav,Fringilla coelebs,0.44
SiteB_20250604_053548.wav,Fringilla coelebs,0.13
SiteB_20250604_064301.wav,Fringilla coelebs,0.57
SiteB_20250604_091644.wav,Fringilla coelebs,0.21
SiteB_20250605_062012.wav,Turdus philomelos,0.17
SiteB_20250605_094215.wav,Phylloscopus trochilus,0.87
SiteB_20250605_051607.wav,Phylloscopus trochilus,0.13
SiteB_20250605_052853.wav,Phylloscopus trochilus,0.35
SiteB_20250605_041807.wav,Phylloscopus trochilus,0.68
SiteB_20250605_091525.wav,Phylloscopus trochilus,0.81
SiteB_20250605_073800.wav,Phylloscopus trochilus,0.46
SiteB_20250605_084958.wav,Phylloscopus trochilus,0.94
SiteB_20250605_090815.wav,Phylloscopus trochilus,0.45
SiteB_20250605_041928.wav,Phylloscopus trochilus,0.48
SiteB_20250605_043310.wav,Fringilla coelebs,0.65
SiteB_20250605_045846.wav,Fringilla coelebs,0.6
SiteB_20250605_072052.wav,Fringilla coelebs,0.14
SiteB_20250605_050317.wav,Fringilla coelebs,0.77
SiteB_20250606_050432.wav,Phylloscopus trochilus,0.57
SiteB_20250606_074629.wav,Phylloscopus trochilus,0.67
SiteB_20250606_071846.wav,Phylloscopus trochilus,0.66
SiteB_20250606_081346.wav,Phylloscopus trochilus,0.36
SiteB_20250606_072350.wav,Phylloscopus trochilus,0.3
SiteB_20250606_064129.wav,Phylloscopus trochilus,0.59
SiteB_20250606_042258.wav,Phylloscopus trochilus,1
SiteB_20250606_052202.wav,Fringilla coelebs,0.39
SiteB_20250606_095821.wav,Fringilla coelebs,0.13
SiteB_20250606_083112.wav,Fringilla coelebs,0.57
SiteB_20250606_075232.wav,Fringilla coelebs,0.64
SiteB_20250607_090644.wav,Phylloscopus trochilus,0.54
SiteB_20250607_062945.wav,Phylloscopus trochilus,0.17
SiteB_20250607_043847.wav,Phylloscopus trochilus,0.33
SiteB_20250607_084923.wav,Phylloscopus trochilus,0.89
SiteB_20250607_072229.wav,Phylloscopus trochilus,0.87
SiteB_20250607_065344.wav,Phylloscopus trochilus,0.86
SiteB_20250607_063210.wav,Phylloscopus trochilus,0.95
SiteB_20250607_043127.wav,Phylloscopus trochilus,0.69
SiteB_20250607_080018.wav,Phylloscopus trochilus,0.54
SiteB_20250607_090355.wav,Phylloscopus trochilus,0.27
SiteB_20250607_085450.wav,Fringilla coelebs,0.18
SiteB_20250607_053550.wav,Fringilla coelebs,0.52
SiteB_20250607_085231.wav,Fringilla coelebs,0.94
SiteB_20250607_061146.wav,Fringilla coelebs,0.86
SiteB_20250607_050146.wav,Fringilla coelebs,0.74
SiteB_20250607_052415.wav,Fringilla coelebs,0.21
SiteB_20250607_072903.wav,Fringilla coelebs,0.64
SiteB_20250608_073454.wav,Turdus philomelos,0.65
SiteB_20250608_065930.wav,Turdus philomelos,0.35
SiteB_20250608_053038.wav,Phylloscopus trochilus,0.17
SiteB_20250608_095155.wav,Phylloscopus trochilus,0.89
SiteB_20250608_072919.wav,Fringilla coelebs,0.95
SiteB_20250608_045313.wav,Fringilla coelebs,0.6
SiteB_20250608_091740.wav,Fringilla coelebs,0.56
SiteB_20250608_094823.wav,Fringilla coelebs,0.95
SiteB_20250608_090802.wav,Fringilla coelebs,0.2
SiteB_20250609_080643.wav,Turdus philomelos,0.44
SiteB_20250609_052242.wav,Phylloscopus trochilus,0.38
SiteB_20250609_051641.wav,Phylloscopus trochilus,0.17
SiteB_20250609_075411.wav,Phylloscopus trochilus,0.8
SiteB_20250609_043014.wav,Phylloscopus trochilus,0.27
SiteB_20250609_061228.wav,Phylloscopus trochilus,0.69
SiteB_20250609_081110.wav,Fringilla coelebs,0.28
SiteB_20250609_075401.wav,Fringilla coelebs,1
SiteB_20250609_084147.wav,Fringilla coelebs,0.5
SiteB_20250609_055642.wav,Fringilla coelebs,0.13
SiteB_20250609_074153.wav,Fringilla coelebs,0.94
SiteB_20250609_045445.wav,Fringilla coelebs,0.88
SiteB_20250610_062143.wav,Phylloscopus trochilus,0.83
SiteB_20250610_055610.wav,Phylloscopus trochilus,0.96
SiteB_20250610_063620.wav,Phylloscopus trochilus,0.87
SiteB_20250610_042006.wav,Fringilla coelebs,0.97
SiteB_20250610_054327.wav,Fringilla coelebs,0.6
SiteB_20250610_065521.wav,Fringilla coelebs,0.1
SiteB_20250610_094857.wav,Fringilla coelebs,0.22
SiteB_20250611_054945.wav,Phylloscopus trochilus,0.8
SiteB_20250611_065957.wav,Phylloscopus trochilus,0.94
SiteB_20250611_042300.wav,Phylloscopus trochilus,0.43
SiteB_20250611_050325.wav,Phylloscopus trochilus,0.98
SiteB_20250611_075957.wav,Phylloscopus trochilus,0.84
SiteB_20250611_094104.wav,Phylloscopus trochilus,0.81
SiteB_20250611_055505.wav,Fringilla coelebs,0.97
SiteB_20250611_051125.wav,Fringilla coelebs,0.55
SiteB_20250611_043959.wav,Fringilla coelebs,0.9
SiteB_20250611_085703.wav,Fringilla coelebs,0.46
SiteB_20250611_045821.wav,Fringilla coelebs,0.5
SiteB_20250611_064054.wav,Fringilla coelebs,0.94
SiteB_20250611_073421.wav,Fringilla coelebs,0.71
SiteB_20250611_092130.wav,Fringilla coelebs,0.12
SiteB_20250612_042042.wav,Phylloscopus trochilus,0.48
SiteB_20250612_051659.wav,Phylloscopus trochilus,0.99
SiteB_20250612_095150.wav,Phylloscopus trochilus,0.9
SiteB_20250612_091130.wav,Phylloscopus trochilus,0.41
SiteB_20250612_091040.wav,Fringilla coelebs,0.92
SiteB_20250612_042253.wav,Fringilla coelebs,0.71
SiteB_20250612_081414.wav,Fringilla coelebs,0.68
SiteB_20250612_053046.wav,Fringilla coelebs,0.23
SiteB_20250612_092748.wav,Fringilla coelebs,0.64
SiteB_20250612_081606.wav,Fringilla coelebs,0.35
SiteB_20250612_072921.wav,Fringilla coelebs,0.51
SiteB_20250612_060818.wav,Fringilla coelebs,0.3
SiteB_20250612_071523.wav,Fringilla coelebs,0.33
SiteB_20250613_072644.wav,Phylloscopus trochilus,0.24
SiteB_20250613_092710.wav,Phylloscopus trochilus,0.34
SiteB_20250613_072539.wav,Phylloscopus trochilus,0.74
SiteB_20250613_085611.wav,Fringilla coelebs,0.22
SiteB_20250613_085912.wav,Fringilla coelebs,0.16
SiteB_20250613_053208.wav,Fringilla coelebs,0.97
SiteB_20250613_062415.wav,Fringilla coelebs,0.43
SiteB_20250613_042920.wav,Fringilla coelebs,0.71
SiteB_20250613_070935.wav,Fringilla coelebs,0.86
SiteB_20250613_045345.wav,Fringilla coelebs,0.32
SiteB_20250613_055740.wav,Fringilla coelebs,0.13
SiteB_20250614_053233.wav,Phylloscopus trochilus,0.43
SiteB_20250614_043801.wav,Phylloscopus trochilus,0.4
SiteB_20250614_054356.wav,Phylloscopus trochilus,0.68
SiteB_20250614_072753.wav,Phylloscopus trochilus,0.96
SiteB_20250614_051857.wav,Phylloscopus trochilus,0.64
SiteB_20250614_091303.wav,Fringilla coelebs,0.24
SiteB_20250614_040245.wav,Fringilla coelebs,0.86
SiteB_20250614_063646.wav,Fringilla coelebs,0.29
SiteB_20250614_064325.wav,Fringilla coelebs,0.7
SiteB_20250614_073235.wav,Fringilla coelebs,0.66
SiteB_20250614_090136.wav,Fringilla coelebs,0.14
SiteB_20250614_094556.wav,Fringilla coelebs,0.95
SiteB_20250614_090640.wav,Fringilla coelebs,0.62
SiteB_20250615_044645.wav,Turdus philomelos,0.57
SiteB_20250615_061605.wav,Phylloscopus trochilus,0.64
SiteB_20250615_094431.wav,Phylloscopus trochilus,0.82
SiteB_20250615_043937.wav,Fringilla coelebs,0.53
SiteB_20250615_061851.wav,Fringilla coelebs,0.52
SiteB_20250615_052153.wav,Fringilla coelebs,0.66
SiteB_20250615_055621.wav,Fringilla coelebs,0.5
SiteB_20250615_073228.wav,Fringilla coelebs,0.64
SiteB_20250615_085833.wav,Fringilla coelebs,0.1
SiteB_20250615_073450.wav,Fringilla coelebs,1
SiteB_20250615_050430.wav,Fringilla coelebs,0.47
SiteB_20250615_082250.wav,Fringilla coelebs,0.21
SiteB_20250616_070132.wav,Turdus philomelos,0.59
SiteB_20250616_095700.wav,Phylloscopus trochilus,0.13
SiteB_20250616_093828.wav,Phylloscopus trochilus,0.89
SiteB_20250616_042143.wav,Phylloscopus trochilus,0.75
SiteB_20250616_051656.wav,Phylloscopus trochilus,0.79
SiteB_20250616_045111.wav,Fringilla coelebs,0.55
SiteB_20250616_063133.wav,Fringilla coelebs,0.93
SiteB_20250616_054433.wav,Fringilla coelebs,0.29
SiteB_20250616_093147.wav,Fringilla coelebs,0.12
SiteB_20250616_085932.wav,Fringilla coelebs,0.38
SiteB_20250616_085141.wav,Fringilla coelebs,0.69
SiteB_20250616_055827.wav,Fringilla coelebs,0.38
SiteB_20250616_090353.wav,Fringilla coelebs,0.95
SiteB_20250616_043348.wav,Fringilla coelebs,0.8
SiteB_20250616_070309.wav,Fringilla coelebs,0.41
SiteB_20250616_080726.wav,Fringilla coelebs,0.53
SiteB_20250617_050240.wav,Phylloscopus trochilus,0.54
SiteB_20250617_093018.wav,Phylloscopus trochilus,0.11
SiteB_20250617_074044.wav,Phylloscopus trochilus,0.68
SiteB_20250617_050739.wav,Fringilla coelebs,0.77
SiteB_20250617_083843.wav,Fringilla coelebs,0.37
SiteB_20250617_093957.wav,Fringilla coelebs,0.92
SiteB_20250617_080327.wav,Fringilla coelebs,0.87
SiteB_20250617_072152.wav,Fringilla coelebs,0.52
SiteB_20250617_065220.wav,Fringilla coelebs,0.16
SiteB_20250618_065024.wav,Phylloscopus trochilus,0.99
SiteB_20250618_062313.wav,Phylloscopus trochilus,0.4
SiteB_20250618_085608.wav,Fringilla coelebs,0.94
SiteB_20250618_083020.wav,Fringilla coelebs,0.62
SiteB_20250618_062310.wav,Fringilla coelebs,0.72
SiteB_20250618_092355.wav,Fringilla coelebs,0.18
SiteB_20250618_051031.wav,Fringilla coelebs,0.88
SiteB_20250618_092655.wav,Fringilla coelebs,0.55
SiteB_20250618_064227.wav,Fringilla coelebs,0.3
SiteB_20250618_093738.wav,Fringilla coelebs,0.47
SiteB_20250618_073552.wav,Fringilla coelebs,0.9
SiteB_20250619_080033.wav,Phylloscopus trochilus,0.35
SiteB_20250619_045047.wav,Phylloscopus trochilus,0.84
SiteB_20250619_073453.wav,Fringilla coelebs,0.43
SiteB_20250619_071007.wav,Fringilla coelebs,0.31
SiteB_20250619_043402.wav,Fringilla coelebs,0.94
SiteB_20250619_071727.wav,Fringilla coelebs,0.47
SiteB_20250619_080710.wav,Fringilla coelebs,0.22
SiteB_20250619_044753.wav,Fringilla coelebs,0.92
SiteB_20250620_043505.wav,Phylloscopus trochilus,0.23
SiteB_20250620_065727.wav,Phylloscopus trochilus,0.42
SiteB_20250620_053340.wav,Phylloscopus trochilus,0.32
SiteB_20250620_043059.wav,Fringilla coelebs,0.81
SiteB_20250620_041732.wav,Fringilla coelebs,0.28
SiteB_20250620_043929.wav,Fringilla coelebs,0.45
SiteB_20250620_053146.wav,Fringilla coelebs,0.39
SiteB_20250621_045700.wav,Phylloscopus trochilus,0.99
SiteB_20250621_095209.wav,Fringilla coelebs,0.76
SiteB_20250621_055757.wav,Fringilla coelebs,0.98
SiteB_20250621_082831.wav,Fringilla coelebs,0.6
SiteB_20250621_074301.wav,Fringilla coelebs,0.45
SiteB_20250621_051615.wav,Fringilla coelebs,0.84
SiteB_20250621_053718.wav,Fringilla coelebs,0.2
SiteB_20250622_071423.wav,Phylloscopus trochilus,0.35
SiteB_20250622_095235.wav,Fringilla coelebs,0.88
SiteB_20250622_072008.wav,Fringilla coelebs,0.61
SiteB_20250622_085130.wav,Fringilla coelebs,0.6
SiteB_20250622_081223.wav,Fringilla coelebs,0.63
SiteB_20250622_062655.wav,Fringilla coelebs,0.76
SiteB_20250623_083758.wav,Phylloscopus trochilus,0.15
SiteB_20250623_042206.wav,Fringilla coelebs,0.63
SiteB_20250623_070958.wav,Fringilla coelebs,0.67
SiteB_20250623_064406.wav,Fringilla coelebs,0.66
SiteB_20250623_091548.wav,Fringilla coelebs,0.17
SiteB_20250623_083409.wav,Fringilla coelebs,0.17
SiteB_20250623_075035.wav,Fringilla coelebs,0.72
SiteB_20250623_094027.wav,Fringilla coelebs,0.85
SiteB_20250623_094605.wav,Fringilla coelebs,0.23
SiteB_20250624_063726.wav,Phylloscopus trochilus,0.99
SiteB_20250624_092838.wav,Fringilla coelebs,0.61
SiteB_20250624_090834.wav,Fringilla coelebs,0.44
SiteB_20250624_095346.wav,Fringilla coelebs,0.57
SiteB_20250624_094753.wav,Fringilla coelebs,0.17
SiteB_20250624_095106.wav,Fringilla coelebs,0.58
SiteB_20250624_041855.wav,Fringilla coelebs,0.96
SiteB_20250624_045418.wav,Fringilla coelebs,0.58
SiteB_20250625_063500.wav,Fringilla coelebs,0.14
SiteB_20250625_092952.wav,Fringilla coelebs,0.24
SiteB_20250625_072131.wav,Fringilla coelebs,0.52
SiteB_20250626_084426.wav,Turdus philomelos,0.35
SiteB_20250626_092748.wav,Phylloscopus trochilus,0.57
SiteB_20250626_083819.wav,Fringilla coelebs,0.12
SiteB_20250626_084742.wav,Fringilla coelebs,0.7
SiteB_20250626_075903.wav,Fringilla coelebs,0.16
SiteB_20250626_095906.wav,Fringilla coelebs,0.85
SiteB_20250626_081011.wav,Fringilla coelebs,0.22
SiteB_20250627_072208.wav,Phylloscopus trochilus,0.33
SiteB_20250627_064906.wav,Fringilla coelebs,0.79
SiteB_20250627_091318.wav,Fringilla coelebs,0.29
SiteB_20250627_093532.wav,Fringilla coelebs,0.34
SiteB_20250627_095925.wav,Fringilla coelebs,0.58
SiteB_20250628_084639.wav,Fringilla coelebs,0.6
SiteB_20250628_094759.wav,Fringilla coelebs,0.24
SiteB_20250628_090916.wav,Fringilla coelebs,0.99
SiteB_20250628_054218.wav,Fringilla coelebs,0.32
SiteB_20250628_055119.wav,Fringilla coelebs,0.22
SiteB_20250628_072327.wav,Fringilla coelebs,0.29
SiteB_20250628_051926.wav,Fringilla coelebs,0.44
SiteB_20250628_095034.wav,Fringilla coelebs,0.42
SiteB_20250629_053220.wav,Fringilla coelebs,0.61
SiteB_20250629_042934.wav,Fringilla coelebs,0.3
SiteB_20250629_080404.wav,Fringilla coelebs,0.89
SiteB_20250629_071551.wav,Fringilla coelebs,0.52
SiteB_20250629_053300.wav,Fringilla coelebs,0.59
SiteB_20250629_085312.wav,Fringilla coelebs,0.81
SiteB_20250629_052258.wav,Fringilla coelebs,0.68
SiteB_20250629_045810.wav,Fringilla coelebs,0.23
SiteB_20250629_061951.wav,Fringilla coelebs,0.39
SiteB_20250629_054102.wav,Fringilla coelebs,0.96
SiteB_20250630_053142.wav,Phylloscopus trochilus,0.51
SiteB_20250630_070437.wav,Fringilla coelebs,0.28
SiteB_20250630_054706.wav,Fringilla coelebs,0.71
SiteB_20250630_081154.wav,Fringilla coelebs,0.22
SiteC_20250415_055455.wav,Phylloscopus trochilus,0.18
SiteC_20250416_052949.wav,Phylloscopus trochilus,0.15
SiteC_20250417_094609.wav,Phylloscopus trochilus,0.37
SiteC_20250418_070013.wav,Turdus philomelos,0.46
SiteC_20250419_041103.wav,Turdus philomelos,0.25
SiteC_20250420_050720.wav,Turdus philomelos,0.12
SiteC_20250421_080932.wav,Turdus philomelos,0.18
SiteC_20250422_050909.wav,Turdus philomelos,0.65
SiteC_20250422_055612.wav,Phylloscopus trochilus,0.27
SiteC_20250422_060615.wav,Phylloscopus trochilus,0.78
SiteC_20250423_092027.wav,Phylloscopus trochilus,0.4
SiteC_20250424_055308.wav,Turdus philomelos,1
SiteC_20250425_090929.wav,Phylloscopus trochilus,0.27
SiteC_20250426_052949.wav,Turdus philomelos,0.76
SiteC_20250427_055106.wav,Turdus philomelos,0.63
SiteC_20250427_091450.wav,Turdus philomelos,0.3
SiteC_20250428_090549.wav,Turdus philomelos,0.65
SiteC_20250428_040452.wav,Turdus philomelos,0.96
SiteC_20250428_042428.wav,Turdus philomelos,0.96
SiteC_20250429_041842.wav,Turdus philomelos,0.26
SiteC_20250429_040645.wav,Turdus philomelos,0.49
SiteC_20250429_054329.wav,Phylloscopus trochilus,0.93
SiteC_20250430_054641.wav,Turdus philomelos,0.83
SiteC_20250430_080354.wav,Turdus philomelos,0.28
SiteC_20250430_083703.wav,Turdus philomelos,0.14
SiteC_20250430_053659.wav,Turdus philomelos,0.53
SiteC_20250430_091504.wav,Turdus philomelos,0.63
SiteC_20250430_054038.wav,Turdus philomelos,0.19
SiteC_20250430_065218.wav,Phylloscopus trochilus,0.25
SiteC_20250501_041720.wav,Turdus philomelos,0.21
SiteC_20250501_050359.wav,Turdus philomelos,0.7
SiteC_20250501_054419.wav,Turdus philomelos,0.81
SiteC_20250501_091508.wav,Turdus philomelos,0.79
SiteC_20250501_094455.wav,Turdus philomelos,0.71
SiteC_20250501_093458.wav,Turdus philomelos,0.2
SiteC_20250501_063123.wav,Phylloscopus trochilus,0.66
SiteC_20250502_040541.wav,Turdus philomelos,0.25
SiteC_20250502_051634.wav,Turdus philomelos,0.11
SiteC_20250502_045310.wav,Turdus philomelos,0.39
SiteC_20250502_085001.wav,Turdus philomelos,0.34
SiteC_20250502_075304.wav,Turdus philomelos,0.84
SiteC_20250502_053045.wav,Turdus philomelos,0.94
SiteC_20250503_072246.wav,Turdus philomelos,0.64
SiteC_20250503_080506.wav,Turdus philomelos,0.46
SiteC_20250503_092958.wav,Turdus philomelos,0.7
SiteC_20250503_060947.wav,Turdus philomelos,0.79
SiteC_20250503_041919.wav,Turdus philomelos,0.57
SiteC_20250503_072047.wav,Turdus philomelos,0.46
SiteC_20250503_063939.wav,Turdus philomelos,0.97
SiteC_20250504_053956.wav,Turdus philomelos,0.73
SiteC_20250504_090218.wav,Turdus philomelos,0.76
SiteC_20250505_074152.wav,Turdus philomelos,0.68
SiteC_20250505_094934.wav,Turdus philomelos,0.46
SiteC_20250505_045103.wav,Turdus philomelos,0.99
SiteC_20250505_074919.wav,Turdus philomelos,0.71
SiteC_20250506_062521.wav,Turdus philomelos,0.37
SiteC_20250506_040438.wav,Turdus philomelos,0.19
SiteC_20250506_095646.wav,Turdus philomelos,0.12
SiteC_20250507_052305.wav,Turdus philomelos,0.96
SiteC_20250507_084643.wav,Turdus philomelos,0.47
SiteC_20250507_091453.wav,Turdus philomelos,0.57
SiteC_20250507_091413.wav,Turdus philomelos,0.16
SiteC_20250507_060157.wav,Turdus philomelos,0.67
SiteC_20250507_090449.wav,Turdus philomelos,0.42
SiteC_20250508_051609.wav,Turdus philomelos,0.71
SiteC_20250508_075342.wav,Turdus philomelos,0.75
SiteC_20250508_060535.wav,Turdus philomelos,0.25
SiteC_20250508_092851.wav,Turdus philomelos,0.28
SiteC_20250508_072909.wav,Turdus philomelos,0.89
SiteC_20250508_065054.wav,Turdus philomelos,0.85
SiteC_20250508_040440.wav,Turdus philomelos,0.75
SiteC_20250508_072715.wav,Turdus philomelos,0.35
SiteC_20250508_050312.wav,Turdus philomelos,0.29
SiteC_20250508_071350.wav,Turdus philomelos,0.54
SiteC_20250508_045738.wav,Phylloscopus trochilus,0.3
SiteC_20250509_071403.wav,Turdus philomelos,0.12
SiteC_20250509_071147.wav,Turdus philomelos,0.74
SiteC_20250509_062003.wav,Turdus philomelos,0.86
SiteC_20250509_044928.wav,Turdus philomelos,0.94
SiteC_20250509_055307.wav,Turdus philomelos,0.7
SiteC_20250509_050544.wav,Turdus philomelos,0.34
SiteC_20250509_083758.wav,Turdus philomelos,0.3
SiteC_20250509_071522.wav,Phylloscopus trochilus,0.12
SiteC_20250509_062440.wav,Phylloscopus trochilus,0.87
SiteC_20250510_044601.wav,Turdus philomelos,0.49
SiteC_20250510_044729.wav,Turdus philomelos,0.94
SiteC_20250510_082825.wav,Turdus philomelos,0.25
SiteC_20250510_043306.wav,Turdus philomelos,0.44
SiteC_20250510_072602.wav,Turdus philomelos,0.22
SiteC_20250511_050956.wav,Turdus philomelos,0.61
SiteC_20250511_065639.wav,Turdus philomelos,0.52
SiteC_20250511_075009.wav,Turdus philomelos,0.83
SiteC_20250511_072757.wav,Turdus philomelos,0.97
SiteC_20250511_042130.wav,Turdus philomelos,0.56
SiteC_20250511_053920.wav,Turdus philomelos,0.73
SiteC_20250512_074658.wav,Turdus philomelos,0.14
SiteC_20250512_053656.wav,Turdus philomelos,0.24
SiteC_20250512_090241.wav,Turdus philomelos,0.19
SiteC_20250512_084205.wav,Turdus philomelos,0.35
SiteC_20250512_060318.wav,Phylloscopus trochilus,0.67
SiteC_20250513_060606.wav,Turdus philomelos,0.39
SiteC_20250513_051330.wav,Turdus philomelos,0.97
SiteC_20250513_075714.wav,Turdus philomelos,0.73
SiteC_20250513_050940.wav,Turdus philomelos,0.24
SiteC_20250513_055318.wav,Turdus philomelos,0.43
SiteC_20250513_041932.wav,Turdus philomelos,0.37
SiteC_20250513_084650.wav,Phylloscopus trochilus,0.84
SiteC_20250513_063425.wav,Phylloscopus trochilus,0.31
SiteC_20250514_082710.wav,Turdus philomelos,0.97
SiteC_20250514_092653.wav,Turdus philomelos,0.21
SiteC_20250514_071400.wav,Turdus philomelos,0.67
SiteC_20250514_060307.wav,Turdus philomelos,0.73
SiteC_20250514_045317.wav,Phylloscopus trochilus,1
SiteC_20250514_090113.wav,Phylloscopus trochilus,0.14
SiteC_20250515_052134.wav,Turdus philomelos,0.77
SiteC_20250515_065651.wav,Turdus philomelos,0.49
SiteC_20250515_075239.wav,Turdus philomelos,0.24
SiteC_20250515_054521.wav,Turdus philomelos,0.5
SiteC_20250515_053222.wav,Turdus philomelos,0.27
SiteC_20250515_094956.wav,Turdus philomelos,0.48
SiteC_20250515_063639.wav,Turdus philomelos,0.84
SiteC_20250515_090022.wav,Turdus philomelos,0.15
SiteC_20250515_050112.wav,Turdus philomelos,0.39
SiteC_20250515_065558.wav,Turdus philomelos,0.86
SiteC_20250516_054221.wav,Turdus philomelos,0.97
SiteC_20250516_095938.wav,Turdus philomelos,0.69
SiteC_20250516_083131.wav,Turdus philomelos,0.11
SiteC_20250516_065652.wav,Turdus philomelos,0.52
SiteC_20250516_073555.wav,Turdus philomelos,0.74
SiteC_20250517_054201.wav,Turdus philomelos,0.77
SiteC_20250517_094446.wav,Turdus philomelos,0.34
SiteC_20250517_083703.wav,Turdus philomelos,0.77
SiteC_20250517_085929.wav,Turdus philomelos,0.7
SiteC_20250517_060448.wav,Turdus philomelos,0.25
SiteC_20250517_081529.wav,Phylloscopus trochilus,0.94
SiteC_20250517_081317.wav,Phylloscopus trochilus,0.87
SiteC_20250517_090214.wav,Phylloscopus trochilus,0.8
SiteC_20250517_051831.wav,Phylloscopus trochilus,0.72
SiteC_20250518_084956.wav,Turdus philomelos,0.46
SiteC_20250518_081326.wav,Turdus philomelos,0.22
SiteC_20250518_045152.wav,Turdus philomelos,0.84
SiteC_20250518_040122.wav,Phylloscopus trochilus,0.81
SiteC_20250518_065229.wav,Phylloscopus trochilus,0.12
SiteC_20250518_094019.wav,Phylloscopus trochilus,0.26
SiteC_20250518_055615.wav,Phylloscopus trochilus,0.64
SiteC_20250519_044848.wav,Turdus philomelos,0.74
SiteC_20250519_041339.wav,Phylloscopus trochilus,0.35
SiteC_20250519_072905.wav,Phylloscopus trochilus,0.45
SiteC_20250519_071941.wav,Phylloscopus trochilus,0.71
SiteC_20250519_070419.wav,Phylloscopus trochilus,0.25
SiteC_20250520_040242.wav,Turdus philomelos,0.58
SiteC_20250520_050304.wav,Phylloscopus trochilus,0.18
SiteC_20250521_091754.wav,Turdus philomelos,0.61
SiteC_20250521_050500.wav,Turdus philomelos,0.37
SiteC_20250521_050009.wav,Turdus philomelos,0.34
SiteC_20250521_081905.wav,Phylloscopus trochilus,0.85
SiteC_20250521_084936.wav,Phylloscopus trochilus,0.15
SiteC_20250521_060429.wav,Phylloscopus trochilus,0.99
SiteC_20250521_091427.wav,Phylloscopus trochilus,0.12
SiteC_20250521_090810.wav,Phylloscopus trochilus,0.26
SiteC_20250522_053150.wav,Turdus philomelos,0.87
SiteC_20250522_093538.wav,Phylloscopus trochilus,0.82
SiteC_20250522_091943.wav,Phylloscopus trochilus,0.87
SiteC_20250523_073143.wav,Turdus philomelos,0.68
SiteC_20250523_075620.wav,Phylloscopus trochilus,0.52
SiteC_20250523_075617.wav,Phylloscopus trochilus,0.95
SiteC_20250523_063927.wav,Phylloscopus trochilus,0.32
SiteC_20250524_044501.wav,Phylloscopus trochilus,0.33
SiteC_20250524_085933.wav,Phylloscopus trochilus,0.69
SiteC_20250524_074024.wav,Phylloscopus trochilus,0.17
SiteC_20250524_094000.wav,Phylloscopus trochilus,0.97
SiteC_20250524_064621.wav,Phylloscopus trochilus,0.93
SiteC_20250524_052635.wav,Phylloscopus trochilus,0.88
SiteC_20250524_042459.wav,Phylloscopus trochilus,0.48
SiteC_20250524_061409.wav,Phylloscopus trochilus,0.8
SiteC_20250524_082028.wav,Phylloscopus trochilus,0.37
SiteC_20250525_093412.wav,Phylloscopus trochilus,0.99
SiteC_20250525_073004.wav,Phylloscopus trochilus,0.53
SiteC_20250525_041322.wav,Phylloscopus trochilus,0.79
SiteC_20250525_080252.wav,Phylloscopus trochilus,0.4
SiteC_20250525_043451.wav,Phylloscopus trochilus,0.31
SiteC_20250525_082544.wav,Phylloscopus trochilus,0.66
SiteC_20250525_080530.wav,Phylloscopus trochilus,0.41
SiteC_20250525_063025.wav,Phylloscopus trochilus,0.15
SiteC_20250525_090420.wav,Phylloscopus trochilus,0.98
SiteC_20250525_071312.wav,Phylloscopus trochilus,0.72
SiteC_20250525_074725.wav,Phylloscopus trochilus,0.88
SiteC_20250525_092450.wav,Phylloscopus trochilus,0.52
SiteC_20250525_083453.wav,Phylloscopus trochilus,0.21
SiteC_20250526_043005.wav,Turdus philomelos,0.12
SiteC_20250526_071839.wav,Phylloscopus trochilus,0.91
SiteC_20250526_093012.wav,Phylloscopus trochilus,0.24
SiteC_20250526_084132.wav,Phylloscopus trochilus,0.33
SiteC_20250527_041847.wav,Phylloscopus trochilus,0.3
SiteC_20250527_052406.wav,Phylloscopus trochilus,0.13
SiteC_20250527_085932.wav,Phylloscopus trochilus,0.91
SiteC_20250527_064400.wav,Phylloscopus trochilus,0.96
SiteC_20250528_082248.wav,Turdus philomelos,0.51
SiteC_20250528_092917.wav,Turdus philomelos,0.49
SiteC_20250528_082453.wav,Phylloscopus trochilus,0.42
SiteC_20250528_070531.wav,Phylloscopus trochilus,0.91
SiteC_20250529_081523.wav,Phylloscopus trochilus,0.57
SiteC_20250529_055642.wav,Phylloscopus trochilus,0.25
SiteC_20250529_062212.wav,Phylloscopus trochilus,0.58
SiteC_20250529_040604.wav,Phylloscopus trochilus,0.2
SiteC_20250529_080847.wav,Phylloscopus trochilus,0.65
SiteC_20250530_041330.wav,Phylloscopus trochilus,0.91
SiteC_20250530_043238.wav,Phylloscopus trochilus,0.28
SiteC_20250530_065105.wav,Phylloscopus trochilus,0.48
SiteC_20250531_081902.wav,Turdus philomelos,0.31
SiteC_20250531_040233.wav,Phylloscopus trochilus,0.89
SiteC_20250531_063951.wav,Phylloscopus trochilus,0.66
SiteC_20250531_075053.wav,Phylloscopus trochilus,0.87
SiteC_20250531_054927.wav,Phylloscopus trochilus,0.53
SiteC_20250601_060150.wav,Turdus philomelos,0.25
SiteC_20250601_093516.wav,Phylloscopus trochilus,0.75
SiteC_20250601_082056.wav,Phylloscopus trochilus,0.27
SiteC_20250601_072129.wav,Phylloscopus trochilus,0.61
SiteC_20250601_095311.wav,Phylloscopus trochilus,0.7
SiteC_20250601_074321.wav,Phylloscopus trochilus,0.93
SiteC_20250602_051608.wav,Phylloscopus trochilus,0.1
SiteC_20250602_084852.wav,Phylloscopus trochilus,0.43
SiteC_20250602_042318.wav,Phylloscopus trochilus,0.67
SiteC_20250602_085843.wav,Phylloscopus trochilus,0.65
SiteC_20250602_064620.wav,Phylloscopus trochilus,0.84
SiteC_20250603_082834.wav,Phylloscopus trochilus,0.28
SiteC_20250603_041815.wav,Phylloscopus trochilus,0.63
SiteC_20250603_092848.wav,Phylloscopus trochilus,0.73
SiteC_20250603_045438.wav,Phylloscopus trochilus,0.58
SiteC_20250603_064417.wav,Phylloscopus trochilus,0.43
SiteC_20250604_062456.wav,Phylloscopus trochilus,0.31
SiteC_20250604_053323.wav,Phylloscopus trochilus,0.51
SiteC_20250604_093209.wav,Phylloscopus trochilus,0.17
SiteC_20250604_050426.wav,Phylloscopus trochilus,0.33
SiteC_20250605_051619.wav,Phylloscopus trochilus,0.29
SiteC_20250606_072538.wav,Phylloscopus trochilus,0.8
SiteC_20250606_060524.wav,Phylloscopus trochilus,0.17
SiteC_20250606_074119.wav,Phylloscopus trochilus,0.19
SiteC_20250606_045838.wav,Phylloscopus trochilus,0.95
SiteC_20250606_075444.wav,Phylloscopus trochilus,0.94
SiteC_20250607_094614.wav,Turdus philomelos,0.68
SiteC_20250607_071321.wav,Phylloscopus trochilus,0.92
SiteC_20250607_053708.wav,Phylloscopus trochilus,0.93
SiteC_20250608_060919.wav,Phylloscopus trochilus,0.61
SiteC_20250609_062009.wav,Phylloscopus trochilus,0.52
SiteC_20250609_093847.wav,Phylloscopus trochilus,0.8
SiteC_20250609_071032.wav,Phylloscopus trochilus,0.84
SiteC_20250610_060910.wav,Phylloscopus trochilus,0.55
SiteC_20250610_054306.wav,Phylloscopus trochilus,0.16
SiteC_20250610_054537.wav,Phylloscopus trochilus,0.13
SiteC_20250610_060608.wav,Phylloscopus trochilus,0.31
SiteC_20250611_090254.wav,Phylloscopus trochilus,0.59
SiteC_20250611_081410.wav,Phylloscopus trochilus,0.74
SiteC_20250612_044200.wav,Phylloscopus trochilus,0.53
SiteC_20250612_085051.wav,Phylloscopus trochilus,0.34
SiteC_20250612_042136.wav,Phylloscopus trochilus,0.39
SiteC_20250612_065656.wav,Phylloscopus trochilus,0.7
SiteC_20250613_063332.wav,Phylloscopus trochilus,0.89
SiteC_20250613_053049.wav,Phylloscopus trochilus,0.47
SiteC_20250614_043025.wav,Phylloscopus trochilus,0.44
SiteC_20250614_064219.wav,Phylloscopus trochilus,0.32
SiteC_20250615_061023.wav,Turdus philomelos,0.52
SiteC_20250616_051034.wav,Turdus philomelos,0.44
SiteC_20250617_042649.wav,Turdus philomelos,0.44
SiteC_20250617_043537.wav,Phylloscopus trochilus,0.23
SiteC_20250617_090258.wav,Phylloscopus trochilus,0.61
SiteC_20250617_074100.wav,Phylloscopus trochilus,0.81
SiteC_20250617_051359.wav,Phylloscopus trochilus,0.27
SiteC_20250618_094905.wav,Phylloscopus trochilus,0.11
SiteC_20250619_054817.wav,Phylloscopus trochilus,0.93
SiteC_20250620_073331.wav,Turdus philomelos,0.29
SiteC_20250620_051213.wav,Turdus philomelos,0.59
SiteC_20250620_091458.wav,Phylloscopus trochilus,0.91
SiteC_20250621_093012.wav,Phylloscopus trochilus,0.3
SiteC_20250622_090240.wav,Turdus philomelos,0.82
SiteC_20250623_092952.wav,Phylloscopus trochilus,0.76
SiteC_20250624_061854.wav,Phylloscopus trochilus,0.71
SiteC_20250625_054221.wav,Turdus philomelos,0.13
SiteC_20250626_070623.wav,Turdus philomelos,0.2
SiteC_20250627_062628.wav,Phylloscopus trochilus,0.4
SiteC_20250628_073332.wav,Turdus philomelos,0.13
SiteC_20250629_043039.wav,Turdus philomelos,0.34
SiteC_20250630_091507.wav,Turdus philomelos,0.12
SiteD_20250415_083553.wav,Erithacus rubecula,0.15
SiteD_20250415_073249.wav,Erithacus rubecula,0.82
SiteD_20250415_061150.wav,Erithacus rubecula,0.7
SiteD_20250415_051708.wav,Erithacus rubecula,0.32
SiteD_20250416_080625.wav,Erithacus rubecula,0.85
SiteD_20250417_042343.wav,Erithacus rubecula,0.62
SiteD_20250417_040012.wav,Erithacus rubecula,0.82
SiteD_20250417_092132.wav,Erithacus rubecula,0.41
SiteD_20250417_095956.wav,Erithacus rubecula,0.22
SiteD_20250418_070558.wav,Turdus philomelos,0.89
SiteD_20250418_074418.wav,Phylloscopus trochilus,0.69
SiteD_20250418_082449.wav,Phylloscopus trochilus,0.33
SiteD_20250418_051807.wav,Erithacus rubecula,0.51
SiteD_20250418_051217.wav,Erithacus rubecula,0.28
SiteD_20250418_080539.wav,Erithacus rubecula,0.65
SiteD_20250418_084321.wav,Erithacus rubecula,0.98
SiteD_20250418_081107.wav,Erithacus rubecula,0.28
SiteD_20250418_040157.wav,Erithacus rubecula,0.49
SiteD_20250419_093626.wav,Erithacus rubecula,0.48
SiteD_20250419_081139.wav,Erithacus rubecula,0.14
SiteD_20250419_094752.wav,Erithacus rubecula,0.12
SiteD_20250420_055041.wav,Erithacus rubecula,0.4
SiteD_20250420_071128.wav,Erithacus rubecula,0.55
SiteD_20250420_073804.wav,Erithacus rubecula,0.78
SiteD_20250420_065425.wav,Erithacus rubecula,0.25
SiteD_20250420_095919.wav,Erithacus rubecula,0.86
SiteD_20250420_053850.wav,Erithacus rubecula,0.39
SiteD_20250420_043005.wav,Erithacus rubecula,0.31
SiteD_20250421_055330.wav,Turdus philomelos,0.81
SiteD_20250421_054011.wav,Erithacus rubecula,0.23
SiteD_20250421_094136.wav,Erithacus rubecula,0.29
SiteD_20250421_044251.wav,Erithacus rubecula,0.66
SiteD_20250421_095201.wav,Erithacus rubecula,0.33
SiteD_20250421_050926.wav,Erithacus rubecula,0.74
SiteD_20250421_050614.wav,Erithacus rubecula,0.77
SiteD_20250421_041706.wav,Erithacus rubecula,0.34
SiteD_20250421_081313.wav,Erithacus rubecula,0.62
SiteD_20250421_040414.wav,Erithacus rubecula,0.92
SiteD_20250421_040814.wav,Erithacus rubecula,0.74
SiteD_20250421_085102.wav,Erithacus rubecula,0.86
SiteD_20250421_092448.wav,Erithacus rubecula,0.93
SiteD_20250422_064246.wav,Turdus philomelos,0.69
SiteD_20250422_070201.wav,Erithacus rubecula,0.7
SiteD_20250422_072701.wav,Erithacus rubecula,0.76
SiteD_20250422_071638.wav,Erithacus rubecula,0.38
SiteD_20250422_080828.wav,Erithacus rubecula,0.7
SiteD_20250422_041234.wav,Erithacus rubecula,0.52
SiteD_20250422_050846.wav,Erithacus rubecula,0.69
SiteD_20250422_062554.wav,Erithacus rubecula,0.81
SiteD_20250422_094030.wav,Erithacus rubecula,0.91
SiteD_20250422_081538.wav,Erithacus rubecula,0.57
SiteD_20250422_041123.wav,Erithacus rubecula,0.24
SiteD_20250422_065726.wav,Erithacus rubecula,0.34
SiteD_20250423_043248.wav,Erithacus rubecula,0.66
SiteD_20250423_080433.wav,Erithacus rubecula,0.51
SiteD_20250423_091716.wav,Erithacus rubecula,0.67
SiteD_20250423_061028.wav,Erithacus rubecula,0.58
SiteD_20250423_081953.wav,Erithacus rubecula,0.4
SiteD_20250423_050256.wav,Erithacus rubecula,0.79
SiteD_20250423_090537.wav,Erithacus rubecula,0.67
SiteD_20250423_084209.wav,Erithacus rubecula,0.8
SiteD_20250423_054630.wav,Erithacus rubecula,0.26
SiteD_20250423_043034.wav,Erithacus rubecula,0.46
SiteD_20250424_081722.wav,Turdus philomelos,0.44
SiteD_20250424_084952.wav,Turdus philomelos,0.17
SiteD_20250424_043944.wav,Turdus philomelos,0.58
SiteD_20250424_093355.wav,Turdus philomelos,0.95
SiteD_20250424_072839.wav,Turdus philomelos,0.87
SiteD_20250424_043552.wav,Erithacus rubecula,0.55
SiteD_20250424_051053.wav,Erithacus rubecula,0.93
SiteD_20250424_080641.wav,Erithacus rubecula,0.18
SiteD_20250424_081713.wav,Erithacus rubecula,0.55
SiteD_20250424_063419.wav,Erithacus rubecula,0.8
SiteD_20250424_065724.wav,Erithacus rubecula,0.88
SiteD_20250424_085100.wav,Erithacus rubecula,0.91
SiteD_20250424_042300.wav,Erithacus rubecula,0.83
SiteD_20250424_061724.wav,Erithacus rubecula,0.24
SiteD_20250425_041842.wav,Turdus philomelos,0.78
SiteD_20250425_074343.wav,Turdus philomelos,0.69
SiteD_20250425_072045.wav,Turdus philomelos,0.92
SiteD_20250425_065025.wav,Erithacus rubecula,0.51
SiteD_20250425_094205.wav,Erithacus rubecula,0.28
SiteD_20250425_062426.wav,Erithacus rubecula,0.63
SiteD_20250425_073004.wav,Erithacus rubecula,0.24
SiteD_20250425_074218.wav,Erithacus rubecula,0.57
SiteD_20250425_080606.wav,Erithacus rubecula,0.47
SiteD_20250425_054141.wav,Erithacus rubecula,0.84
SiteD_20250425_054159.wav,Erithacus rubecula,0.61
SiteD_20250425_074654.wav,Erithacus rubecula,0.51
SiteD_20250425_095135.wav,Erithacus rubecula,0.27
SiteD_20250425_080126.wav,Erithacus rubecula,0.52
SiteD_20250425_090130.wav,Erithacus rubecula,0.31
SiteD_20250425_074944.wav,Erithacus rubecula,0.38
SiteD_20250426_040505.wav,Turdus philomelos,0.5
SiteD_20250426_060939.wav,Turdus philomelos,0.49
SiteD_20250426_093723.wav,Turdus philomelos,0.53
SiteD_20250426_054032.wav,Turdus philomelos,0.85
SiteD_20250426_041846.wav,Turdus philomelos,0.11
SiteD_20250426_062845.wav,Erithacus rubecula,0.84
SiteD_20250426_075903.wav,Erithacus rubecula,0.52
SiteD_20250426_080445.wav,Erithacus rubecula,0.58
SiteD_20250426_045651.wav,Erithacus rubecula,0.46
SiteD_20250427_053914.wav,Turdus philomelos,0.2
SiteD_20250427_081329.wav,Turdus philomelos,0.13
SiteD_20250427_090936.wav,Turdus philomelos,0.12
SiteD_20250427_093449.wav,Erithacus rubecula,0.79
SiteD_20250427_075502.wav,Erithacus rubecula,0.77
SiteD_20250427_083615.wav,Erithacus rubecula,0.19
SiteD_20250427_073029.wav,Erithacus rubecula,0.97
SiteD_20250427_084939.wav,Erithacus rubecula,0.23
SiteD_20250427_041146.wav,Erithacus rubecula,0.54
SiteD_20250428_070010.wav,Turdus philomelos,0.94
SiteD_20250428_071650.wav,Turdus philomelos,0.84
SiteD_20250428_041418.wav,Turdus philomelos,0.58
SiteD_20250428_041848.wav,Turdus philomelos,0.45
SiteD_20250428_071144.wav,Erithacus rubecula,0.66
SiteD_20250428_040251.wav,Erithacus rubecula,0.19
SiteD_20250428_063849.wav,Erithacus rubecula,0.27
SiteD_20250428_064639.wav,Erithacus rubecula,0.86
SiteD_20250428_095712.wav,Erithacus rubecula,0.53
SiteD_20250428_084603.wav,Erithacus rubecula,0.8
SiteD_20250428_092618.wav,Erithacus rubecula,0.84
SiteD_20250428_083003.wav,Erithacus rubecula,0.37
SiteD_20250428_093955.wav,Erithacus rubecula,0.3
SiteD_20250429_060314.wav,Turdus philomelos,0.44
SiteD_20250429_053219.wav,Turdus philomelos,0.9
SiteD_20250429_091602.wav,Turdus philomelos,0.21
SiteD_20250429_040703.wav,Turdus philomelos,0.24
SiteD_20250429_061949.wav,Turdus philomelos,0.67
SiteD_20250429_093037.wav,Erithacus rubecula,0.56
SiteD_20250429_050832.wav,Erithacus rubecula,0.77
SiteD_20250429_074616.wav,Erithacus rubecula,0.4
SiteD_20250429_085057.wav,Erithacus rubecula,0.2
SiteD_20250429_054120.wav,Erithacus rubecula,0.46
SiteD_20250429_051745.wav,Erithacus rubecula,0.59
SiteD_20250429_075708.wav,Erithacus rubecula,0.77
SiteD_20250430_084017.wav,Turdus philomelos,0.63
SiteD_20250430_083658.wav,Turdus philomelos,0.55
SiteD_20250430_062311.wav,Turdus philomelos,0.94
SiteD_20250430_063618.wav,Phylloscopus trochilus,0.24
SiteD_20250430_070952.wav,Erithacus rubecula,0.73
SiteD_20250430_081014.wav,Erithacus rubecula,0.79
SiteD_20250430_081753.wav,Erithacus rubecula,0.56
SiteD_20250430_041848.wav,Erithacus rubecula,0.3
SiteD_20250501_041855.wav,Turdus philomelos,0.38
SiteD_20250501_073937.wav,Turdus philomelos,0.14
SiteD_20250501_045402.wav,Turdus philomelos,0.7
SiteD_20250501_055542.wav,Phylloscopus trochilus,0.32
SiteD_20250501_071016.wav,Erithacus rubecula,0.14
SiteD_20250501_084228.wav,Erithacus rubecula,0.19
SiteD_20250501_075112.wav,Erithacus rubecula,0.91
SiteD_20250501_045227.wav,Erithacus rubecula,0.65
SiteD_20250501_053259.wav,Erithacus rubecula,0.68
SiteD_20250502_074534.wav,Turdus philomelos,0.35
SiteD_20250502_055248.wav,Turdus philomelos,0.95
SiteD_20250502_064041.wav,Turdus philomelos,0.12
SiteD_20250502_085445.wav,Turdus philomelos,0.26
SiteD_20250502_090544.wav,Turdus philomelos,0.97
SiteD_20250502_071614.wav,Turdus philomelos,0.82
SiteD_20250502_064133.wav,Phylloscopus trochilus,0.33
SiteD_20250502_054639.wav,Phylloscopus trochilus,0.62
SiteD_20250502_044832.wav,Phylloscopus trochilus,0.17
SiteD_20250502_090725.wav,Phylloscopus trochilus,0.82
SiteD_20250502_041204.wav,Phylloscopus trochilus,0.89
SiteD_20250502_092509.wav,Erithacus rubecula,0.11
SiteD_20250502_084541.wav,Erithacus rubecula,0.32
SiteD_20250502_095207.wav,Erithacus rubecula,0.65
SiteD_20250502_043912.wav,Erithacus rubecula,0.43
SiteD_20250502_090107.wav,Erithacus rubecula,0.74
SiteD_20250502_051034.wav,Erithacus rubecula,0.14
SiteD_20250502_043706.wav,Erithacus rubecula,0.69
SiteD_20250503_061244.wav,Turdus philomelos,0.35
SiteD_20250503_071317.wav,Turdus philomelos,0.76
SiteD_20250503_073853.wav,Turdus philomelos,0.26
SiteD_20250503_071013.wav,Turdus philomelos,0.45
SiteD_20250503_065936.wav,Turdus philomelos,0.72
SiteD_20250503_044207.wav,Erithacus rubecula,0.51
SiteD_20250503_055417.wav,Erithacus rubecula,0.21
SiteD_20250503_082746.wav,Erithacus rubecula,0.13
SiteD_20250503_051647.wav,Erithacus rubecula,0.25
SiteD_20250504_072301.wav,Turdus philomelos,0.23
SiteD_20250504_072727.wav,Turdus philomelos,0.17
SiteD_20250504_054022.wav,Turdus philomelos,0.13
SiteD_20250504_065217.wav,Turdus philomelos,0.48
SiteD_20250504_073226.wav,Turdus philomelos,0.87
SiteD_20250504_065226.wav,Turdus philomelos,0.4
SiteD_20250504_085251.wav,Turdus philomelos,0.5
SiteD_20250504_065204.wav,Turdus philomelos,0.47
SiteD_20250504_065039.wav,Turdus philomelos,0.42
SiteD_20250504_042231.wav,Phylloscopus trochilus,0.94
SiteD_20250504_050511.wav,Phylloscopus trochilus,0.35
SiteD_20250504_060545.wav,Erithacus rubecula,0.3
SiteD_20250504_064953.wav,Erithacus rubecula,0.95
SiteD_20250504_063508.wav,Erithacus rubecula,0.16
SiteD_20250504_085354.wav,Erithacus rubecula,0.99
SiteD_20250505_073617.wav,Turdus philomelos,0.39
SiteD_20250505_052946.wav,Turdus philomelos,0.21
SiteD_20250505_073229.wav,Turdus philomelos,0.63
SiteD_20250505_082108.wav,Turdus philomelos,0.69
SiteD_20250505_045145.wav,Turdus philomelos,1
SiteD_20250505_050848.wav,Erithacus rubecula,0.66
SiteD_20250505_073952.wav,Erithacus rubecula,0.99
SiteD_20250505_050109.wav,Erithacus rubecula,0.5
SiteD_20250505_051845.wav,Erithacus rubecula,0.75
SiteD_20250506_062214.wav,Turdus philomelos,0.67
SiteD_20250506_093844.wav,Turdus philomelos,0.29
SiteD_20250506_090604.wav,Turdus philomelos,0.93
SiteD_20250506_060848.wav,Turdus philomelos,0.83
SiteD_20250506_052320.wav,Phylloscopus trochilus,0.84
SiteD_20250506_041822.wav,Phylloscopus trochilus,0.48
SiteD_20250506_084520.wav,Erithacus rubecula,0.55
SiteD_20250506_092112.wav,Erithacus rubecula,0.55
SiteD_20250506_051841.wav,Erithacus rubecula,0.41
SiteD_20250506_084452.wav,Erithacus rubecula,0.16
SiteD_20250506_055124.wav,Erithacus rubecula,0.92
SiteD_20250507_060842.wav,Turdus philomelos,0.37
SiteD_20250507_084145.wav,Turdus philomelos,0.69
SiteD_20250507_074120.wav,Turdus philomelos,0.61
SiteD_20250507_043141.wav,Turdus philomelos,0.97
SiteD_20250507_073544.wav,Turdus philomelos,0.19
SiteD_20250507_091015.wav,Turdus philomelos,0.59
SiteD_20250507_064317.wav,Phylloscopus trochilus,0.89
SiteD_20250507_062302.wav,Phylloscopus trochilus,0.91
SiteD_20250507_043559.wav,Phylloscopus trochilus,0.8
SiteD_20250508_065529.wav,Turdus philomelos,0.21
SiteD_20250508_045034.wav,Turdus philomelos,0.49
SiteD_20250508_062141.wav,Turdus philomelos,0.8
SiteD_20250508_091009.wav,Turdus philomelos,0.91
SiteD_20250508_064806.wav,Turdus philomelos,0.48
SiteD_20250508_053753.wav,Phylloscopus trochilus,0.52
SiteD_20250508_075940.wav,Phylloscopus trochilus,0.71
SiteD_20250508_041358.wav,Phylloscopus trochilus,0.78
SiteD_20250508_091253.wav,Erithacus rubecula,0.86
SiteD_20250508_054449.wav,Erithacus rubecula,0.38
SiteD_20250509_050053.wav,Turdus philomelos,0.18
SiteD_20250509_054029.wav,Turdus philomelos,0.11
SiteD_20250509_054232.wav,Turdus philomelos,0.91
SiteD_20250509_054650.wav,Turdus philomelos,0.82
SiteD_20250509_061828.wav,Turdus philomelos,0.17
SiteD_20250509_075354.wav,Turdus philomelos,0.19
SiteD_20250509_080851.wav,Phylloscopus trochilus,0.58
SiteD_20250509_085606.wav,Erithacus rubecula,0.21
SiteD_20250509_041933.wav,Erithacus rubecula,0.19
SiteD_20250510_083224.wav,Turdus philomelos,0.36
SiteD_20250510_064025.wav,Turdus philomelos,0.5
SiteD_20250510_061316.wav,Turdus philomelos,0.21
SiteD_20250510_050415.wav,Turdus philomelos,0.93
SiteD_20250510_072916.wav,Turdus philomelos,0.76
SiteD_20250510_085517.wav,Turdus philomelos,0.52
SiteD_20250510_094024.wav,Turdus philomelos,0.71
SiteD_20250510_043943.wav,Turdus philomelos,0.36
SiteD_20250510_080425.wav,Phylloscopus trochilus,0.44
SiteD_20250510_072916.wav,Phylloscopus trochilus,0.7
SiteD_20250511_092222.wav,Turdus philomelos,0.35
SiteD_20250511_083328.wav,Turdus philomelos,0.76
SiteD_20250511_052923.wav,Turdus philomelos,0.62
SiteD_20250511_082754.wav,Turdus philomelos,0.12
SiteD_20250511_081657.wav,Turdus philomelos,0.43
SiteD_20250511_054342.wav,Turdus philomelos,0.5
SiteD_20250511_053903.wav,Turdus philomelos,0.46
SiteD_20250511_092747.wav,Turdus philomelos,0.59
SiteD_20250511_044807.wav,Turdus philomelos,0.88
SiteD_20250511_080832.wav,Turdus philomelos,0.79
SiteD_20250512_081422.wav,Turdus philomelos,0.38
SiteD_20250512_055225.wav,Turdus philomelos,0.76
SiteD_20250512_045210.wav,Turdus philomelos,0.23
SiteD_20250512_055501.wav,Turdus philomelos,0.98
SiteD_20250512_070510.wav,Turdus philomelos,0.87
SiteD_20250512_050450.wav,Turdus philomelos,0.63
SiteD_20250512_042830.wav,Phylloscopus trochilus,0.11
SiteD_20250512_083153.wav,Phylloscopus trochilus,0.81
SiteD_20250512_065707.wav,Phylloscopus trochilus,0.92
SiteD_20250512_063204.wav,Phylloscopus trochilus,0.2
SiteD_20250512_061415.wav,Phylloscopus trochilus,0.52
SiteD_20250512_072136.wav,Erithacus rubecula,0.52
SiteD_20250513_055009.wav,Turdus philomelos,0.46
SiteD_20250513_095606.wav,Turdus philomelos,0.61
SiteD_20250513_050141.wav,Turdus philomelos,0.69
SiteD_20250513_085402.wav,Turdus philomelos,0.36
SiteD_20250513_075011.wav,Turdus philomelos,0.9
SiteD_20250513_080454.wav,Turdus philomelos,0.22
SiteD_20250513_071615.wav,Turdus philomelos,0.6
SiteD_20250513_051902.wav,Turdus philomelos,0.33
SiteD_20250513_085857.wav,Turdus philomelos,0.17
SiteD_20250513_045748.wav,Turdus philomelos,0.79
SiteD_20250513_084153.wav,Turdus philomelos,0.65
SiteD_20250513_050842.wav,Phylloscopus trochilus,0.92
SiteD_20250513_064944.wav,Phylloscopus trochilus,0.63
SiteD_20250513_080019.wav,Erithacus rubecula,0.91
SiteD_20250513_070255.wav,Erithacus rubecula,0.45
SiteD_20250514_081004.wav,Turdus philomelos,0.84
SiteD_20250514_043114.wav,Turdus philomelos,0.92
SiteD_20250514_071001.wav,Turdus philomelos,0.22
SiteD_20250514_094840.wav,Turdus philomelos,0.14
SiteD_20250514_062932.wav,Turdus philomelos,0.99
SiteD_20250514_053637.wav,Turdus philomelos,0.45
SiteD_20250514_062839.wav,Turdus philomelos,0.74
SiteD_20250514_063901.wav,Turdus philomelos,0.57
SiteD_20250514_092940.wav,Turdus philomelos,0.45
SiteD_20250514_041456.wav,Phylloscopus trochilus,0.89
SiteD_20250514_062035.wav,Phylloscopus trochilus,0.21
SiteD_20250514_051442.wav,Phylloscopus trochilus,0.43
SiteD_20250514_071745.wav,Phylloscopus trochilus,0.81
SiteD_20250515_094916.wav,Turdus philomelos,0.44
SiteD_20250515_045317.wav,Turdus philomelos,0.64
SiteD_20250515_053333.wav,Turdus philomelos,0.61
SiteD_20250515_063833.wav,Turdus philomelos,0.72
SiteD_20250515_042837.wav,Turdus philomelos,0.83
SiteD_20250515_080624.wav,Turdus philomelos,0.51
SiteD_20250515_065428.wav,Turdus philomelos,0.43
SiteD_20250515_052046.wav,Phylloscopus trochilus,0.56
SiteD_20250515_053036.wav,Phylloscopus trochilus,0.77
SiteD_20250515_070840.wav,Phylloscopus trochilus,0.86
SiteD_20250515_054758.wav,Phylloscopus trochilus,0.5
SiteD_20250515_065344.wav,Phylloscopus trochilus,0.47
SiteD_20250515_070208.wav,Phylloscopus trochilus,0.87
SiteD_20250515_044314.wav,Erithacus rubecula,0.65
SiteD_20250516_091804.wav,Turdus philomelos,0.77
SiteD_20250516_041807.wav,Turdus philomelos,0.34
SiteD_20250516_080451.wav,Turdus philomelos,0.35
SiteD_20250516_095552.wav,Turdus philomelos,0.28
SiteD_20250516_072223.wav,Turdus philomelos,0.95
SiteD_20250516_060334.wav,Turdus philomelos,0.34
SiteD_20250516_054001.wav,Turdus philomelos,0.55
SiteD_20250516_062050.wav,Phylloscopus trochilus,0.82
SiteD_20250517_092419.wav,Turdus philomelos,0.94
SiteD_20250517_065918.wav,Turdus philomelos,0.45
SiteD_20250517_043009.wav,Turdus philomelos,0.77
SiteD_20250517_060448.wav,Turdus philomelos,0.81
SiteD_20250517_070305.wav,Turdus philomelos,0.29
SiteD_20250517_064854.wav,Phylloscopus trochilus,0.4
SiteD_20250517_080510.wav,Phylloscopus trochilus,0.72
SiteD_20250517_075603.wav,Erithacus rubecula,0.69
SiteD_20250518_083850.wav,Turdus philomelos,0.1
SiteD_20250518_061845.wav,Turdus philomelos,0.44
SiteD_20250518_093543.wav,Turdus philomelos,0.68
SiteD_20250518_084800.wav,Turdus philomelos,0.19
SiteD_20250518_073202.wav,Turdus philomelos,0.11
SiteD_20250518_092859.wav,Turdus philomelos,0.23
SiteD_20250518_075357.wav,Turdus philomelos,0.77
SiteD_20250518_071624.wav,Turdus philomelos,0.87
SiteD_20250518_042235.wav,Turdus philomelos,0.39
SiteD_20250518_053700.wav,Phylloscopus trochilus,0.32
SiteD_20250518_090109.wav,Phylloscopus trochilus,0.96
SiteD_20250518_052623.wav,Phylloscopus trochilus,0.55
SiteD_20250518_070755.wav,Phylloscopus trochilus,0.73
SiteD_20250518_080029.wav,Erithacus rubecula,0.65
SiteD_20250519_060950.wav,Turdus philomelos,0.93
SiteD_20250519_070332.wav,Turdus philomelos,0.74
SiteD_20250519_045909.wav,Turdus philomelos,0.14
SiteD_20250519_062953.wav,Phylloscopus trochilus,0.87
SiteD_20250519_073828.wav,Phylloscopus trochilus,0.21
SiteD_20250519_042304.wav,Phylloscopus trochilus,0.96
SiteD_20250519_073226.wav,Phylloscopus trochilus,0.14
SiteD_20250519_042309.wav,Phylloscopus trochilus,0.25
SiteD_20250519_045310.wav,Phylloscopus trochilus,0.12
SiteD_20250520_054219.wav,Turdus philomelos,0.69
SiteD_20250520_042912.wav,Turdus philomelos,0.54
SiteD_20250520_044417.wav,Turdus philomelos,0.17
SiteD_20250520_065942.wav,Turdus philomelos,0.97
SiteD_20250520_064040.wav,Turdus philomelos,0.6
SiteD_20250520_065532.wav,Phylloscopus trochilus,0.36
SiteD_20250520_070417.wav,Phylloscopus trochilus,0.82
SiteD_20250520_075650.wav,Phylloscopus trochilus,0.67
SiteD_20250520_050540.wav,Phylloscopus trochilus,0.92
SiteD_20250520_085956.wav,Phylloscopus trochilus,0.46
SiteD_20250520_090616.wav,Phylloscopus trochilus,0.38
SiteD_20250520_042327.wav,Phylloscopus trochilus,0.76
SiteD_20250521_081223.wav,Turdus philomelos,0.83
SiteD_20250521_093404.wav,Turdus philomelos,0.38
SiteD_20250521_061200.wav,Turdus philomelos,0.92
SiteD_20250521_060852.wav,Phylloscopus trochilus,0.8
SiteD_20250521_045039.wav,Phylloscopus trochilus,0.75
SiteD_20250521_080247.wav,Phylloscopus trochilus,0.7
SiteD_20250521_061236.wav,Phylloscopus trochilus,0.73
SiteD_20250521_073004.wav,Phylloscopus trochilus,0.27
SiteD_20250521_082122.wav,Phylloscopus trochilus,0.64
SiteD_20250521_064242.wav,Phylloscopus trochilus,0.79
SiteD_20250522_085613.wav,Turdus philomelos,0.18
SiteD_20250522_061917.wav,Turdus philomelos,0.76
SiteD_20250522_060035.wav,Turdus philomelos,0.95
SiteD_20250522_092044.wav,Turdus philomelos,0.7
SiteD_20250522_073119.wav,Phylloscopus trochilus,0.48
SiteD_20250522_064633.wav,Phylloscopus trochilus,0.22
SiteD_20250522_040738.wav,Phylloscopus trochilus,0.52
SiteD_20250522_072715.wav,Phylloscopus trochilus,0.18
SiteD_20250522_092349.wav,Phylloscopus trochilus,0.78
SiteD_20250522_063802.wav,Phylloscopus trochilus,0.43
SiteD_20250522_084835.wav,Phylloscopus trochilus,0.61
SiteD_20250522_054228.wav,Phylloscopus trochilus,0.44
SiteD_20250523_095814.wav,Turdus philomelos,0.45
SiteD_20250523_055848.wav,Turdus philomelos,0.88
SiteD_20250523_085254.wav,Turdus philomelos,0.18
SiteD_20250523_055932.wav,Phylloscopus trochilus,0.25
SiteD_20250523_041430.wav,Phylloscopus trochilus,0.94
SiteD_20250523_054710.wav,Phylloscopus trochilus,0.5
SiteD_20250524_080130.wav,Phylloscopus trochilus,0.14
SiteD_20250524_071742.wav,Phylloscopus trochilus,0.66
SiteD_20250524_082741.wav,Phylloscopus trochilus,0.88
SiteD_20250524_095902.wav,Phylloscopus trochilus,0.28
SiteD_20250524_092946.wav,Phylloscopus trochilus,0.35
SiteD_20250524_063816.wav,Phylloscopus trochilus,0.88
SiteD_20250524_043558.wav,Phylloscopus trochilus,0.13
SiteD_20250525_054548.wav,Turdus philomelos,0.17
SiteD_20250525_044528.wav,Turdus philomelos,0.92
SiteD_20250525_051056.wav,Phylloscopus trochilus,0.77
SiteD_20250525_055101.wav,Phylloscopus trochilus,0.49
SiteD_20250525_072510.wav,Phylloscopus trochilus,0.7
SiteD_20250525_093135.wav,Phylloscopus trochilus,0.27
SiteD_20250525_071106.wav,Phylloscopus trochilus,0.89
SiteD_20250526_081519.wav,Turdus philomelos,0.34
SiteD_20250526_044757.wav,Phylloscopus trochilus,0.45
SiteD_20250526_044914.wav,Phylloscopus trochilus,0.35
SiteD_20250526_050155.wav,Phylloscopus trochilus,0.17
SiteD_20250526_090308.wav,Phylloscopus trochilus,0.55
SiteD_20250526_042746.wav,Phylloscopus trochilus,0.51
SiteD_20250526_075156.wav,Phylloscopus trochilus,0.99
SiteD_20250526_083104.wav,Phylloscopus trochilus,0.23
SiteD_20250526_073008.wav,Phylloscopus trochilus,0.85
SiteD_20250526_073034.wav,Phylloscopus trochilus,0.13
SiteD_20250526_045617.wav,Phylloscopus trochilus,0.8
SiteD_20250527_044604.wav,Phylloscopus trochilus,0.29
SiteD_20250527_045351.wav,Phylloscopus trochilus,0.94
SiteD_20250527_050850.wav,Phylloscopus trochilus,0.99
SiteD_20250527_053248.wav,Phylloscopus trochilus,0.38
SiteD_20250527_071618.wav,Phylloscopus trochilus,0.22
SiteD_20250527_073928.wav,Phylloscopus trochilus,0.69
SiteD_20250528_054232.wav,Turdus philomelos,0.83
SiteD_20250528_092325.wav,Phylloscopus trochilus,0.86
SiteD_20250528_044149.wav,Phylloscopus trochilus,0.22
SiteD_20250528_085328.wav,Phylloscopus trochilus,0.88
SiteD_20250528_054913.wav,Phylloscopus trochilus,0.16
SiteD_20250528_070412.wav,Phylloscopus trochilus,0.49
SiteD_20250528_061630.wav,Phylloscopus trochilus,0.71
SiteD_20250529_043438.wav,Turdus philomelos,0.44
SiteD_20250529_042310.wav,Turdus philomelos,0.66
SiteD_20250529_082756.wav,Turdus philomelos,0.27
SiteD_20250529_075926.wav,Phylloscopus trochilus,0.76
SiteD_20250529_093225.wav,Phylloscopus trochilus,0.55
SiteD_20250529_041149.wav,Phylloscopus trochilus,0.88
SiteD_20250529_081531.wav,Phylloscopus trochilus,0.85
SiteD_20250529_055636.wav,Phylloscopus trochilus,0.98
SiteD_20250529_065545.wav,Phylloscopus trochilus,0.7
SiteD_20250529_075132.wav,Phylloscopus trochilus,0.68
SiteD_20250529_043517.wav,Phylloscopus trochilus,0.14
SiteD_20250529_045258.wav,Phylloscopus trochilus,0.27
SiteD_20250530_073308.wav,Turdus philomelos,0.48
SiteD_20250530_091757.wav,Turdus philomelos,0.84
SiteD_20250530_071551.wav,Phylloscopus trochilus,0.47
SiteD_20250530_091106.wav,Phylloscopus trochilus,0.75
SiteD_20250530_095938.wav,Phylloscopus trochilus,0.15
SiteD_20250530_040600.wav,Phylloscopus trochilus,0.4
SiteD_20250530_071414.wav,Phylloscopus trochilus,0.8
SiteD_20250530_074815.wav,Erithacus rubecula,0.88
SiteD_20250531_091037.wav,Turdus philomelos,0.45
SiteD_20250531_050223.wav,Turdus philomelos,0.96
SiteD_20250531_055555.wav,Phylloscopus trochilus,0.48
SiteD_20250531_094943.wav,Phylloscopus trochilus,0.45
SiteD_20250531_041046.wav,Phylloscopus trochilus,0.29
SiteD_20250531_052758.wav,Phylloscopus trochilus,0.78
SiteD_20250531_085009.wav,Phylloscopus trochilus,0.5
SiteD_20250531_070434.wav,Phylloscopus trochilus,0.51
SiteD_20250531_093159.wav,Phylloscopus trochilus,0.17
SiteD_20250531_051633.wav,Phylloscopus trochilus,0.43
SiteD_20250531_073557.wav,Phylloscopus trochilus,0.91
SiteD_20250531_050919.wav,Phylloscopus trochilus,0.59
SiteD_20250601_092150.wav,Phylloscopus trochilus,0.35
SiteD_20250601_091353.wav,Phylloscopus trochilus,0.75
SiteD_20250601_050300.wav,Phylloscopus trochilus,0.44
SiteD_20250601_092040.wav,Phylloscopus trochilus,0.67
SiteD_20250601_054344.wav,Phylloscopus trochilus,0.55
SiteD_20250601_094626.wav,Erithacus rubecula,0.62
SiteD_20250602_041711.wav,Phylloscopus trochilus,0.15
SiteD_20250602_083657.wav,Phylloscopus trochilus,0.18
SiteD_20250602_072030.wav,Phylloscopus trochilus,0.86
SiteD_20250602_063247.wav,Phylloscopus trochilus,0.48
SiteD_20250602_091027.wav,Phylloscopus trochilus,0.75
SiteD_20250602_062233.wav,Phylloscopus trochilus,0.76
SiteD_20250602_081550.wav,Phylloscopus trochilus,0.99
SiteD_20250602_085949.wav,Phylloscopus trochilus,0.96
SiteD_20250602_052418.wav,Phylloscopus trochilus,0.23
SiteD_20250602_045321.wav,Phylloscopus trochilus,0.7
SiteD_20250602_090624.wav,Phylloscopus trochilus,0.13
SiteD_20250602_045653.wav,Phylloscopus trochilus,0.55
SiteD_20250602_081905.wav,Erithacus rubecula,0.44
SiteD_20250603_052722.wav,Turdus philomelos,0.69
SiteD_20250603_092749.wav,Turdus philomelos,0.49
SiteD_20250603_093525.wav,Phylloscopus trochilus,0.82
SiteD_20250603_095405.wav,Phylloscopus trochilus,0.48
SiteD_20250603_075217.wav,Phylloscopus trochilus,0.4
SiteD_20250603_055828.wav,Phylloscopus trochilus,0.61
SiteD_20250603_064738.wav,Phylloscopus trochilus,0.88
SiteD_20250603_084150.wav,Phylloscopus trochilus,0.63
SiteD_20250603_040547.wav,Phylloscopus trochilus,0.68
SiteD_20250603_082227.wav,Phylloscopus trochilus,0.79
SiteD_20250603_092857.wav,Phylloscopus trochilus,0.72
SiteD_20250603_093346.wav,Phylloscopus trochilus,0.88
SiteD_20250604_041716.wav,Phylloscopus trochilus,0.52
SiteD_20250604_040823.wav,Phylloscopus trochilus,0.36
SiteD_20250604_054633.wav,Phylloscopus trochilus,0.93
SiteD_20250604_044456.wav,Phylloscopus trochilus,0.46
SiteD_20250604_050306.wav,Phylloscopus trochilus,0.61
SiteD_20250605_060942.wav,Turdus philomelos,0.76
SiteD_20250605_054855.wav,Phylloscopus trochilus,0.26
SiteD_20250605_060156.wav,Phylloscopus trochilus,0.76
SiteD_20250605_091321.wav,Phylloscopus trochilus,0.65
SiteD_20250605_054027.wav,Phylloscopus trochilus,0.15
SiteD_20250605_044202.wav,Phylloscopus trochilus,0.15
SiteD_20250605_075053.wav,Phylloscopus trochilus,0.51
SiteD_20250606_092801.wav,Phylloscopus trochilus,0.3
SiteD_20250606_054252.wav,Phylloscopus trochilus,0.74
SiteD_20250606_081422.wav,Phylloscopus trochilus,0.24
SiteD_20250606_094559.wav,Phylloscopus trochilus,0.57
SiteD_20250606_052949.wav,Phylloscopus trochilus,0.85
SiteD_20250606_060057.wav,Phylloscopus trochilus,0.21
SiteD_20250606_072124.wav,Phylloscopus trochilus,0.84
SiteD_20250606_092407.wav,Phylloscopus trochilus,0.32
SiteD_20250606_050115.wav,Phylloscopus trochilus,0.19
SiteD_20250606_083854.wav,Phylloscopus trochilus,0.25
SiteD_20250606_051013.wav,Phylloscopus trochilus,0.7
SiteD_20250606_063204.wav,Phylloscopus trochilus,0.71
SiteD_20250607_054025.wav,Turdus philomelos,0.23
SiteD_20250607_083255.wav,Turdus philomelos,0.95
SiteD_20250607_060016.wav,Phylloscopus trochilus,0.61
SiteD_20250607_094421.wav,Phylloscopus trochilus,0.32
SiteD_20250607_084052.wav,Phylloscopus trochilus,0.41
SiteD_20250607_043957.wav,Phylloscopus trochilus,0.86
SiteD_20250607_040511.wav,Phylloscopus trochilus,0.93
SiteD_20250607_071604.wav,Phylloscopus trochilus,0.56
SiteD_20250607_083622.wav,Phylloscopus trochilus,0.9
SiteD_20250608_071945.wav,Phylloscopus trochilus,0.97
SiteD_20250608_052153.wav,Phylloscopus trochilus,0.21
SiteD_20250608_084222.wav,Phylloscopus trochilus,0.71
SiteD_20250608_093725.wav,Phylloscopus trochilus,0.84
SiteD_20250609_075143.wav,Phylloscopus trochilus,0.46
SiteD_20250609_052830.wav,Phylloscopus trochilus,0.31
SiteD_20250609_054943.wav,Phylloscopus trochilus,0.57
SiteD_20250610_043032.wav,Turdus philomelos,0.4
SiteD_20250610_071438.wav,Phylloscopus trochilus,0.38
SiteD_20250610_044444.wav,Phylloscopus trochilus,0.3
SiteD_20250610_043035.wav,Phylloscopus trochilus,0.21
SiteD_20250611_041827.wav,Turdus philomelos,0.15
SiteD_20250611_063338.wav,Phylloscopus trochilus,0.81
SiteD_20250611_045124.wav,Phylloscopus trochilus,0.85
SiteD_20250611_041719.wav,Phylloscopus trochilus,0.62
SiteD_20250611_052215.wav,Phylloscopus trochilus,0.32
SiteD_20250612_084648.wav,Phylloscopus trochilus,0.18
SiteD_20250612_054312.wav,Phylloscopus trochilus,0.37
SiteD_20250612_065053.wav,Phylloscopus trochilus,0.71
SiteD_20250612_064311.wav,Phylloscopus trochilus,0.28
SiteD_20250613_092623.wav,Turdus philomelos,0.31
SiteD_20250613_081547.wav,Phylloscopus trochilus,0.8
SiteD_20250614_085151.wav,Phylloscopus trochilus,0.27
SiteD_20250614_050320.wav,Phylloscopus trochilus,0.65
SiteD_20250615_084212.wav,Phylloscopus trochilus,0.37
SiteD_20250615_074739.wav,Phylloscopus trochilus,0.11
SiteD_20250615_072441.wav,Phylloscopus trochilus,0.97
SiteD_20250615_061826.wav,Phylloscopus trochilus,0.18
SiteD_20250616_094224.wav,Turdus philomelos,0.11
SiteD_20250616_080534.wav,Phylloscopus trochilus,0.6
SiteD_20250616_043237.wav,Phylloscopus trochilus,0.41
SiteD_20250616_093813.wav,Phylloscopus trochilus,0.39
SiteD_20250616_061028.wav,Phylloscopus trochilus,0.68
SiteD_20250617_054438.wav,Phylloscopus trochilus,0.78
SiteD_20250617_071617.wav,Phylloscopus trochilus,0.6
SiteD_20250618_070950.wav,Phylloscopus trochilus,0.98
SiteD_20250618_043908.wav,Phylloscopus trochilus,0.79
SiteD_20250618_051716.wav,Phylloscopus trochilus,0.11
SiteD_20250618_043104.wav,Phylloscopus trochilus,0.57
SiteD_20250618_091907.wav,Erithacus rubecula,0.29
SiteD_20250619_050023.wav,Phylloscopus trochilus,0.77
SiteD_20250620_091544.wav,Phylloscopus trochilus,0.35
SiteD_20250621_064316.wav,Phylloscopus trochilus,0.48
SiteD_20250622_072102.wav,Turdus philomelos,0.66
SiteD_20250622_093114.wav,Turdus philomelos,0.85
SiteD_20250622_041845.wav,Phylloscopus trochilus,0.96
SiteD_20250623_082313.wav,Turdus philomelos,0.11
SiteD_20250623_060449.wav,Phylloscopus trochilus,0.17
SiteD_20250623_042832.wav,Phylloscopus trochilus,0.84
SiteD_20250624_091840.wav,Phylloscopus trochilus,0.35
SiteD_20250625_093419.wav,Phylloscopus trochilus,0.15
SiteD_20250626_054141.wav,Erithacus rubecula,0.56
SiteD_20250627_043609.wav,Turdus philomelos,0.63
SiteD_20250628_071427.wav,Erithacus rubecula,0.93
SiteD_20250628_060810.wav,Erithacus rubecula,0.79
SiteD_20250628_053840.wav,Erithacus rubecula,0.86
SiteD_20250629_082011.wav,Turdus philomelos,0.64
SiteD_20250630_052855.wav,Phylloscopus trochilus,0.39
